Not Found: /
Forbidden: /myapp/decoy_admin/
Not Found: /
Forbidden: /myapp/decoy_admin/
Forbidden: /myapp/decoy_admin/
Forbidden: /myapp/decoy_admin/
Not Found: /
Forbidden: /myapp/decoy_admin/
Forbidden: /myapp/decoy_admin/
Forbidden: /myapp/decoy_admin/
Forbidden: /myapp/decoy_admin/
Forbidden: /myapp/decoy_admin/
Forbidden: /myapp/decoy_admin/
Not Found: /
Not Found: /myapp/admin_file_upload_get/img/favicon.ico
Internal Server Error: /myapp/edit_user_post/
Traceback (most recent call last):
  File "C:\Python312\Lib\site-packages\django\utils\datastructures.py", line 84, in __getitem__
    list_ = super().__getitem__(key)
            ^^^^^^^^^^^^^^^^^^^^^^^^
KeyError: 'pincode'

During handling of the above exception, another exception occurred:

Traceback (most recent call last):
  File "C:\Python312\Lib\site-packages\django\core\handlers\exception.py", line 55, in inner
    response = get_response(request)
               ^^^^^^^^^^^^^^^^^^^^^
  File "C:\Python312\Lib\site-packages\django\core\handlers\base.py", line 197, in _get_response
    response = wrapped_callback(request, *callback_args, **callback_kwargs)
               ^^^^^^^^^^^^^^^^^^^^^^^^^^^^^^^^^^^^^^^^^^^^^^^^^^^^^^^^^^^^
  File "C:\Users\admin\PycharmProjects\cyber_camouflage\myapp\views.py", line 222, in edit_user_post
    pin = request.POST['pincode']
          ~~~~~~~~~~~~^^^^^^^^^^^
  File "C:\Python312\Lib\site-packages\django\utils\datastructures.py", line 86, in __getitem__
    raise MultiValueDictKeyError(key)
django.utils.datastructures.MultiValueDictKeyError: 'pincode'
Not Found: /myapp/view_reply_get/img/favicon.ico
Not Found: /myapp/file_upload_get/img/favicon.ico
Not Found: /myapp/user_view_uploaded_file_get/img/favicon.ico
Not Found: /myapp/user_view_forward_file_get/img/favicon.ico
Not Found: /myapp/forward_file_get/img/favicon.ico
Internal Server Error: /myapp/chat_send/halo
Traceback (most recent call last):
  File "C:\Python312\Lib\site-packages\django\core\handlers\exception.py", line 55, in inner
    response = get_response(request)
               ^^^^^^^^^^^^^^^^^^^^^
  File "C:\Python312\Lib\site-packages\django\core\handlers\base.py", line 197, in _get_response
    response = wrapped_callback(request, *callback_args, **callback_kwargs)
               ^^^^^^^^^^^^^^^^^^^^^^^^^^^^^^^^^^^^^^^^^^^^^^^^^^^^^^^^^^^^
  File "C:\Users\admin\PycharmProjects\cyber_camouflage\myapp\views.py", line 1544, in chat_send
    encrypted_msg = encrypt_message(msg)
                    ^^^^^^^^^^^^^^^^^^^^
  File "C:\Users\admin\PycharmProjects\cyber_camouflage\myapp\views.py", line 1453, in encrypt_message
    aesgcm = AESGCM(AES_KEY)
             ^^^^^^^^^^^^^^^
ValueError: AESGCM key must be 128, 192, or 256 bits.
Internal Server Error: /myapp/chat_send/halo
Traceback (most recent call last):
  File "C:\Python312\Lib\site-packages\django\core\handlers\exception.py", line 55, in inner
    response = get_response(request)
               ^^^^^^^^^^^^^^^^^^^^^
  File "C:\Python312\Lib\site-packages\django\core\handlers\base.py", line 197, in _get_response
    response = wrapped_callback(request, *callback_args, **callback_kwargs)
               ^^^^^^^^^^^^^^^^^^^^^^^^^^^^^^^^^^^^^^^^^^^^^^^^^^^^^^^^^^^^
  File "C:\Users\admin\PycharmProjects\cyber_camouflage\myapp\views.py", line 1544, in chat_send
    encrypted_msg = encrypt_message(msg)
                    ^^^^^^^^^^^^^^^^^^^^
  File "C:\Users\admin\PycharmProjects\cyber_camouflage\myapp\views.py", line 1453, in encrypt_message
    aesgcm = AESGCM(AES_KEY)
             ^^^^^^^^^^^^^^^
ValueError: AESGCM key must be 128, 192, or 256 bits.
Internal Server Error: /myapp/chat_send/halo
Traceback (most recent call last):
  File "C:\Python312\Lib\site-packages\django\core\handlers\exception.py", line 55, in inner
    response = get_response(request)
               ^^^^^^^^^^^^^^^^^^^^^
  File "C:\Python312\Lib\site-packages\django\core\handlers\base.py", line 197, in _get_response
    response = wrapped_callback(request, *callback_args, **callback_kwargs)
               ^^^^^^^^^^^^^^^^^^^^^^^^^^^^^^^^^^^^^^^^^^^^^^^^^^^^^^^^^^^^
  File "C:\Users\admin\PycharmProjects\cyber_camouflage\myapp\views.py", line 1544, in chat_send
    encrypted_msg = encrypt_message(msg)
                    ^^^^^^^^^^^^^^^^^^^^
  File "C:\Users\admin\PycharmProjects\cyber_camouflage\myapp\views.py", line 1453, in encrypt_message
    aesgcm = AESGCM(AES_KEY)
             ^^^^^^^^^^^^^^^
ValueError: AESGCM key must be 128, 192, or 256 bits.
Forbidden: /myapp/chat_view/
Forbidden: /myapp/chat_view/
Forbidden: /myapp/chat_view/
Forbidden: /myapp/chat_view/
Forbidden: /myapp/chat_view/
Forbidden: /myapp/chat_view/
Forbidden: /myapp/chat_view/
Forbidden: /myapp/chat_view/
Forbidden: /myapp/chat_view/
Forbidden: /myapp/chat_view/
Internal Server Error: /myapp/chat_send/halo
Traceback (most recent call last):
  File "C:\Python312\Lib\site-packages\django\core\handlers\exception.py", line 55, in inner
    response = get_response(request)
               ^^^^^^^^^^^^^^^^^^^^^
  File "C:\Python312\Lib\site-packages\django\core\handlers\base.py", line 197, in _get_response
    response = wrapped_callback(request, *callback_args, **callback_kwargs)
               ^^^^^^^^^^^^^^^^^^^^^^^^^^^^^^^^^^^^^^^^^^^^^^^^^^^^^^^^^^^^
  File "C:\Users\admin\PycharmProjects\cyber_camouflage\myapp\views.py", line 1544, in chat_send
    encrypted_msg = encrypt_message(msg)
                    ^^^^^^^^^^^^^^^^^^^^
  File "C:\Users\admin\PycharmProjects\cyber_camouflage\myapp\views.py", line 1453, in encrypt_message
    aesgcm = AESGCM(AES_KEY)
             ^^^^^^^^^^^^^^^
ValueError: AESGCM key must be 128, 192, or 256 bits.
Forbidden: /myapp/chat_send/halo
Forbidden: /myapp/chat_send/halo
Forbidden: /myapp/chat_send/halo
Forbidden: /myapp/chat_send/halo
Forbidden: /myapp/chat_view/
Forbidden: /myapp/chat_view/
Forbidden: /myapp/chat_view/
Forbidden: /myapp/chat_view/
Forbidden: /myapp/chat_view/
Forbidden: /myapp/chat_view/
Forbidden: /myapp/chat_view/
Forbidden: /myapp/chat_view/
Forbidden: /myapp/chat_send/haloj
Forbidden: /myapp/chat_view/
Forbidden: /myapp/chat_send/haloj
Forbidden: /myapp/chat_send/haloj
Forbidden: /myapp/chat_send/haloj
Forbidden: /myapp/chat_view/
Forbidden: /myapp/chat_view/
Forbidden: /myapp/chat_view/
Forbidden: /myapp/chat_view/
Forbidden: /myapp/chat_view/
Forbidden: /myapp/chat_view/
Forbidden: /myapp/chat_send/haloj
Forbidden: /myapp/chat_send/haloj
Forbidden: /myapp/chat_view/
Forbidden: /myapp/chat_send/haloj
Forbidden: /myapp/chat_send/haloj
Forbidden: /myapp/chat_send/haloj
Forbidden: /myapp/chat_view/
Forbidden: /myapp/chat_send/haloj
Forbidden: /myapp/chat_send/haloj
Forbidden: /myapp/chat_view/
Forbidden: /myapp/chat_view/
Forbidden: /myapp/chat_view/
Forbidden: /myapp/chat_view/
Forbidden: /myapp/chat_view/
Forbidden: /myapp/chat_view/
Forbidden: /myapp/chat_view/
Forbidden: /myapp/chat_view/
Forbidden: /myapp/chat_view/
Forbidden: /myapp/chat_view/
Forbidden: /myapp/chat_view/
Forbidden: /myapp/chat_view/
Forbidden: /myapp/chat_view/
Forbidden: /myapp/chat_view/
Forbidden: /myapp/chat_view/
Forbidden: /myapp/chat_view/
Forbidden: /myapp/chat_view/
Forbidden: /myapp/chat_view/
Forbidden: /myapp/chat_view/
Forbidden: /myapp/chat_view/
Forbidden: /myapp/chat_send/haloj
Forbidden: /myapp/chat_send/haloj
Forbidden: /myapp/chat_view/
Forbidden: /myapp/chat_send/haloj
Forbidden: /myapp/chat_send/haloj
Forbidden: /myapp/chat_send/haloj
Forbidden: /myapp/chat_view/
Forbidden: /myapp/chat_view/
Forbidden: /myapp/chat_view/
Forbidden: /myapp/chat1/18
Forbidden: /myapp/chat1/18
Not Found: /
Internal Server Error: /myapp/chat_send/hi
Traceback (most recent call last):
  File "C:\Python312\Lib\site-packages\django\core\handlers\exception.py", line 55, in inner
    response = get_response(request)
               ^^^^^^^^^^^^^^^^^^^^^
  File "C:\Python312\Lib\site-packages\django\core\handlers\base.py", line 197, in _get_response
    response = wrapped_callback(request, *callback_args, **callback_kwargs)
               ^^^^^^^^^^^^^^^^^^^^^^^^^^^^^^^^^^^^^^^^^^^^^^^^^^^^^^^^^^^^
  File "C:\Users\admin\PycharmProjects\cyber_camouflage\myapp\views.py", line 1544, in chat_send
    encrypted_msg = encrypt_message(msg)
                    ^^^^^^^^^^^^^^^^^^^^
  File "C:\Users\admin\PycharmProjects\cyber_camouflage\myapp\views.py", line 1453, in encrypt_message
    aesgcm = AESGCM(AES_KEY)
             ^^^^^^^^^^^^^^^
ValueError: AESGCM key must be 128, 192, or 256 bits.
Internal Server Error: /myapp/chat_send/hi
Traceback (most recent call last):
  File "C:\Python312\Lib\site-packages\django\core\handlers\exception.py", line 55, in inner
    response = get_response(request)
               ^^^^^^^^^^^^^^^^^^^^^
  File "C:\Python312\Lib\site-packages\django\core\handlers\base.py", line 197, in _get_response
    response = wrapped_callback(request, *callback_args, **callback_kwargs)
               ^^^^^^^^^^^^^^^^^^^^^^^^^^^^^^^^^^^^^^^^^^^^^^^^^^^^^^^^^^^^
  File "C:\Users\admin\PycharmProjects\cyber_camouflage\myapp\views.py", line 1544, in chat_send
    encrypted_msg = encrypt_message(msg)
                    ^^^^^^^^^^^^^^^^^^^^
  File "C:\Users\admin\PycharmProjects\cyber_camouflage\myapp\views.py", line 1453, in encrypt_message
    aesgcm = AESGCM(AES_KEY)
             ^^^^^^^^^^^^^^^
ValueError: AESGCM key must be 128, 192, or 256 bits.
Internal Server Error: /myapp/chat_send/hi
Traceback (most recent call last):
  File "C:\Python312\Lib\site-packages\django\core\handlers\exception.py", line 55, in inner
    response = get_response(request)
               ^^^^^^^^^^^^^^^^^^^^^
  File "C:\Python312\Lib\site-packages\django\core\handlers\base.py", line 197, in _get_response
    response = wrapped_callback(request, *callback_args, **callback_kwargs)
               ^^^^^^^^^^^^^^^^^^^^^^^^^^^^^^^^^^^^^^^^^^^^^^^^^^^^^^^^^^^^
  File "C:\Users\admin\PycharmProjects\cyber_camouflage\myapp\views.py", line 1544, in chat_send
    encrypted_msg = encrypt_message(msg)
                    ^^^^^^^^^^^^^^^^^^^^
  File "C:\Users\admin\PycharmProjects\cyber_camouflage\myapp\views.py", line 1453, in encrypt_message
    aesgcm = AESGCM(AES_KEY)
             ^^^^^^^^^^^^^^^
ValueError: AESGCM key must be 128, 192, or 256 bits.
Internal Server Error: /myapp/chat_send/hi
Traceback (most recent call last):
  File "C:\Python312\Lib\site-packages\django\core\handlers\exception.py", line 55, in inner
    response = get_response(request)
               ^^^^^^^^^^^^^^^^^^^^^
  File "C:\Python312\Lib\site-packages\django\core\handlers\base.py", line 197, in _get_response
    response = wrapped_callback(request, *callback_args, **callback_kwargs)
               ^^^^^^^^^^^^^^^^^^^^^^^^^^^^^^^^^^^^^^^^^^^^^^^^^^^^^^^^^^^^
  File "C:\Users\admin\PycharmProjects\cyber_camouflage\myapp\views.py", line 1544, in chat_send
    encrypted_msg = encrypt_message(msg)
                    ^^^^^^^^^^^^^^^^^^^^
  File "C:\Users\admin\PycharmProjects\cyber_camouflage\myapp\views.py", line 1453, in encrypt_message
    aesgcm = AESGCM(AES_KEY)
             ^^^^^^^^^^^^^^^
ValueError: AESGCM key must be 128, 192, or 256 bits.
Forbidden: /myapp/chat_send/hi
Forbidden: /myapp/chat_send/hi
Forbidden: /myapp/chat_send/hi
Forbidden: /myapp/chat_view/
Forbidden: /myapp/chat_view/
Forbidden: /myapp/chat_view/
Forbidden: /myapp/chat_view/
Forbidden: /myapp/chat_view/
Forbidden: /myapp/chat_view/
Forbidden: /myapp/chat_view/
Forbidden: /myapp/chat_view/
Forbidden: /myapp/chat_view/
Forbidden: /myapp/chat_view/
Forbidden: /myapp/chat_view/
Forbidden: /myapp/chat_view/
Forbidden: /myapp/chat_view/
Forbidden: /myapp/chat_view/
Forbidden: /myapp/chat_view/
Forbidden: /myapp/chat_view/
Forbidden: /myapp/chat_view/
Forbidden: /myapp/chat_view/
Forbidden: /myapp/chat_view/
Forbidden: /myapp/chat_view/
Forbidden: /myapp/chat_view/
Forbidden: /myapp/chat_view/
Forbidden: /myapp/chat_view/
Forbidden: /myapp/chat_view/
Forbidden: /myapp/chat_view/
Forbidden: /myapp/chat_view/
Forbidden: /myapp/chat_view/
Forbidden: /myapp/chat_view/
Forbidden: /myapp/chat_view/
Forbidden: /myapp/chat_view/
Forbidden: /myapp/chat_view/
Forbidden: /myapp/chat_view/
Forbidden: /myapp/chat_view/
Forbidden: /myapp/chat_view/
Forbidden: /myapp/chat_view/
Forbidden: /myapp/chat_view/
Forbidden: /myapp/chat_view/
Forbidden: /myapp/chat_view/
Forbidden: /myapp/chat_view/
Forbidden: /myapp/chat_view/
Forbidden: /myapp/chat_view/
Forbidden: /myapp/chat_view/
Forbidden: /myapp/chat_view/
Forbidden: /myapp/chat_view/
Forbidden: /myapp/chat_view/
Forbidden: /myapp/chat_view/
Forbidden: /myapp/chat_view/
Forbidden: /myapp/chat_view/
Forbidden: /myapp/chat_view/
Forbidden: /myapp/chat_view/
Forbidden: /myapp/chat_view/
Forbidden: /myapp/chat_view/
Forbidden: /myapp/chat_view/
Forbidden: /myapp/chat_view/
Forbidden: /myapp/chat_view/
Forbidden: /myapp/chat_send/hi
Forbidden: /myapp/chat_view/
Forbidden: /myapp/chat_send/hi
Forbidden: /myapp/chat_send/hi
Forbidden: /myapp/chat_send/hi
Forbidden: /myapp/chat_view/
Forbidden: /myapp/chat_view/
Forbidden: /myapp/chat_view/
Forbidden: /myapp/chat_view/
Forbidden: /myapp/chat_view/
Forbidden: /myapp/chat_view/
Forbidden: /myapp/chat_view/
Forbidden: /myapp/chat_view/
Forbidden: /myapp/chat_view/
Forbidden: /myapp/chat_view/
Forbidden: /myapp/chat_view/
Forbidden: /myapp/chat_view/
Forbidden: /myapp/chat_view/
Forbidden: /myapp/chat_view/
Forbidden: /myapp/chat_view/
Forbidden: /myapp/chat_view/
Forbidden: /myapp/chat_view/
Forbidden: /myapp/chat_view/
Forbidden: /myapp/chat_view/
Forbidden: /myapp/chat_view/
Forbidden: /myapp/chat_view/
Forbidden: /myapp/chat_view/
Forbidden: /myapp/chat_view/
Forbidden: /myapp/chat_view/
Forbidden: /myapp/chat_view/
Forbidden: /myapp/chat_view/
Forbidden: /myapp/chat_view/
Forbidden: /myapp/chat_view/
Forbidden: /myapp/chat_view/
Forbidden: /myapp/chat_view/
Forbidden: /myapp/chat_view/
Forbidden: /myapp/chat_view/
Forbidden: /myapp/chat_view/
Forbidden: /myapp/chat_view/
Forbidden: /myapp/chat_view/
Forbidden: /myapp/chat_view/
Forbidden: /myapp/chat_view/
Forbidden: /myapp/chat_view/
Forbidden: /myapp/chat_view/
Forbidden: /myapp/chat_view/
Forbidden: /myapp/chat_view/
Forbidden: /myapp/chat_view/
Forbidden: /myapp/chat_view/
Forbidden: /myapp/chat_view/
Forbidden: /myapp/chat_view/
Forbidden: /myapp/chat_view/
Forbidden: /myapp/chat_view/
Forbidden: /myapp/chat_view/
Forbidden: /myapp/chat_view/
Forbidden: /myapp/chat_view/
Forbidden: /myapp/chat_view/
Forbidden: /myapp/chat_view/
Forbidden: /myapp/chat_view/
Forbidden: /myapp/chat_view/
Forbidden: /myapp/chat_view/
Forbidden: /myapp/chat_view/
Forbidden: /myapp/chat_view/
Forbidden: /myapp/chat_view/
Forbidden: /myapp/chat_view/
Forbidden: /myapp/chat_view/
Forbidden: /myapp/chat_view/
Forbidden: /myapp/chat_view/
Forbidden: /myapp/chat_view/
Forbidden: /myapp/chat_view/
Forbidden: /myapp/chat_view/
Forbidden: /myapp/chat_view/
Forbidden: /myapp/chat_view/
Forbidden: /myapp/chat_view/
Forbidden: /myapp/chat_view/
Forbidden: /myapp/chat_view/
Forbidden: /myapp/chat_view/
Forbidden: /myapp/chat_view/
Forbidden: /myapp/chat_view/
Forbidden: /myapp/chat_view/
Forbidden: /myapp/chat_view/
Forbidden: /myapp/chat_view/
Forbidden: /myapp/chat_view/
Forbidden: /myapp/chat_view/
Forbidden: /myapp/file_upload_get/
Forbidden: /myapp/file_upload_get/
Forbidden: /myapp/view_other_user_get/
Forbidden: /myapp/chat1/18
Not Found: /
Internal Server Error: /myapp/chat_send/hi
Traceback (most recent call last):
  File "C:\Python312\Lib\site-packages\django\core\handlers\exception.py", line 55, in inner
    response = get_response(request)
               ^^^^^^^^^^^^^^^^^^^^^
  File "C:\Python312\Lib\site-packages\django\core\handlers\base.py", line 197, in _get_response
    response = wrapped_callback(request, *callback_args, **callback_kwargs)
               ^^^^^^^^^^^^^^^^^^^^^^^^^^^^^^^^^^^^^^^^^^^^^^^^^^^^^^^^^^^^
  File "C:\Users\admin\PycharmProjects\cyber_camouflage\myapp\views.py", line 1559, in chat_send
    encrypted_msg = encrypt_message(msg)
                    ^^^^^^^^^^^^^^^^^^^^
  File "C:\Users\admin\PycharmProjects\cyber_camouflage\myapp\views.py", line 1459, in encrypt_message
    aesgcm = AESGCM(AES_KEY)
             ^^^^^^^^^^^^^^^
ValueError: AESGCM key must be 128, 192, or 256 bits.
Internal Server Error: /myapp/chat_send/hi
Traceback (most recent call last):
  File "C:\Python312\Lib\site-packages\django\core\handlers\exception.py", line 55, in inner
    response = get_response(request)
               ^^^^^^^^^^^^^^^^^^^^^
  File "C:\Python312\Lib\site-packages\django\core\handlers\base.py", line 197, in _get_response
    response = wrapped_callback(request, *callback_args, **callback_kwargs)
               ^^^^^^^^^^^^^^^^^^^^^^^^^^^^^^^^^^^^^^^^^^^^^^^^^^^^^^^^^^^^
  File "C:\Users\admin\PycharmProjects\cyber_camouflage\myapp\views.py", line 1559, in chat_send
    encrypted_msg = encrypt_message(msg)
                    ^^^^^^^^^^^^^^^^^^^^
  File "C:\Users\admin\PycharmProjects\cyber_camouflage\myapp\views.py", line 1459, in encrypt_message
    aesgcm = AESGCM(AES_KEY)
             ^^^^^^^^^^^^^^^
ValueError: AESGCM key must be 128, 192, or 256 bits.
Internal Server Error: /myapp/chat_send/hi
Traceback (most recent call last):
  File "C:\Python312\Lib\site-packages\django\core\handlers\exception.py", line 55, in inner
    response = get_response(request)
               ^^^^^^^^^^^^^^^^^^^^^
  File "C:\Python312\Lib\site-packages\django\core\handlers\base.py", line 197, in _get_response
    response = wrapped_callback(request, *callback_args, **callback_kwargs)
               ^^^^^^^^^^^^^^^^^^^^^^^^^^^^^^^^^^^^^^^^^^^^^^^^^^^^^^^^^^^^
  File "C:\Users\admin\PycharmProjects\cyber_camouflage\myapp\views.py", line 1559, in chat_send
    encrypted_msg = encrypt_message(msg)
                    ^^^^^^^^^^^^^^^^^^^^
  File "C:\Users\admin\PycharmProjects\cyber_camouflage\myapp\views.py", line 1459, in encrypt_message
    aesgcm = AESGCM(AES_KEY)
             ^^^^^^^^^^^^^^^
ValueError: AESGCM key must be 128, 192, or 256 bits.
Internal Server Error: /myapp/chat_send/hi
Traceback (most recent call last):
  File "C:\Python312\Lib\site-packages\django\core\handlers\exception.py", line 55, in inner
    response = get_response(request)
               ^^^^^^^^^^^^^^^^^^^^^
  File "C:\Python312\Lib\site-packages\django\core\handlers\base.py", line 197, in _get_response
    response = wrapped_callback(request, *callback_args, **callback_kwargs)
               ^^^^^^^^^^^^^^^^^^^^^^^^^^^^^^^^^^^^^^^^^^^^^^^^^^^^^^^^^^^^
  File "C:\Users\admin\PycharmProjects\cyber_camouflage\myapp\views.py", line 1559, in chat_send
    encrypted_msg = encrypt_message(msg)
                    ^^^^^^^^^^^^^^^^^^^^
  File "C:\Users\admin\PycharmProjects\cyber_camouflage\myapp\views.py", line 1459, in encrypt_message
    aesgcm = AESGCM(AES_KEY)
             ^^^^^^^^^^^^^^^
ValueError: AESGCM key must be 128, 192, or 256 bits.
Forbidden: /myapp/chat_send/hi
Forbidden: /myapp/chat_send/hi
Forbidden: /myapp/chat_send/hi
Forbidden: /myapp/chat_send/hi
Forbidden: /myapp/chat_send/hi
Forbidden: /myapp/chat_send/hi
Forbidden: /myapp/chat_view/
Forbidden: /myapp/chat_view/
Forbidden: /myapp/chat_view/
Forbidden: /myapp/chat_view/
Forbidden: /myapp/chat_view/
Forbidden: /myapp/chat_view/
Forbidden: /myapp/chat_view/
Forbidden: /myapp/chat_view/
Forbidden: /myapp/chat_view/
Forbidden: /myapp/chat_view/
Forbidden: /myapp/chat_view/
Forbidden: /myapp/chat_view/
Forbidden: /myapp/chat_view/
Forbidden: /myapp/chat_view/
Forbidden: /myapp/chat_view/
Forbidden: /myapp/chat_send/hi
Forbidden: /myapp/chat_send/hi
Forbidden: /myapp/chat_send/hi
Forbidden: /myapp/chat_send/hi
Forbidden: /myapp/chat_send/hi
Forbidden: /myapp/chat_view/
Forbidden: /myapp/chat_send/hi
Forbidden: /myapp/chat_send/hi
Forbidden: /myapp/chat_view/
Forbidden: /myapp/chat_view/
Forbidden: /myapp/chat_view/
Forbidden: /myapp/chat_view/
Forbidden: /myapp/chat_view/
Forbidden: /myapp/chat_view/
Forbidden: /myapp/chat_view/
Forbidden: /myapp/chat_view/
Forbidden: /myapp/chat_view/
Forbidden: /myapp/chat_view/
Forbidden: /myapp/chat_view/
Forbidden: /myapp/chat_view/
Forbidden: /myapp/chat_view/
Forbidden: /myapp/chat_send/hi
Forbidden: /myapp/chat_view/
Forbidden: /myapp/chat_send/hi
Forbidden: /myapp/chat_view/
Forbidden: /myapp/chat_view/
Forbidden: /myapp/chat_view/
Forbidden: /myapp/chat_view/
Forbidden: /myapp/chat_view/
Forbidden: /myapp/chat_view/
Forbidden: /myapp/chat_view/
Forbidden: /myapp/chat_view/
Forbidden: /myapp/chat_send/hijiy
Forbidden: /myapp/chat_send/hijiy
Forbidden: /myapp/chat_view/
Forbidden: /myapp/chat_send/hijiy
Forbidden: /myapp/chat_send/hijiy
Forbidden: /myapp/chat_send/hijiy
Forbidden: /myapp/chat_send/hijiy
Forbidden: /myapp/chat_view/
Forbidden: /myapp/chat_view/
Forbidden: /myapp/chat_view/
Forbidden: /myapp/chat_view/
Forbidden: /myapp/chat_view/
Forbidden: /myapp/chat_view/
Forbidden: /myapp/chat_view/
Forbidden: /myapp/chat_view/
Forbidden: /myapp/chat_view/
Forbidden: /myapp/chat_view/
Forbidden: /myapp/chat_view/
Forbidden: /myapp/chat_view/
Forbidden: /myapp/chat_view/
Forbidden: /myapp/chat_view/
Forbidden: /myapp/chat_view/
Forbidden: /myapp/chat_view/
Forbidden: /myapp/chat_view/
Forbidden: /myapp/chat_view/
Forbidden: /myapp/chat_view/
Forbidden: /myapp/chat_view/
Forbidden: /myapp/chat_view/
Forbidden: /myapp/chat_view/
Forbidden: /myapp/chat_view/
Forbidden: /myapp/chat_view/
Forbidden: /myapp/chat_view/
Forbidden: /myapp/chat_view/
Forbidden: /myapp/chat_view/
Forbidden: /myapp/chat_send/hijiy
Forbidden: /myapp/chat_view/
Forbidden: /myapp/chat_view/
Forbidden: /myapp/chat_send/hijiy
Forbidden: /myapp/chat_view/
Forbidden: /myapp/chat_view/
Forbidden: /myapp/chat_view/
Forbidden: /myapp/chat_view/
Forbidden: /myapp/chat_view/
Forbidden: /myapp/chat_view/
Forbidden: /myapp/chat_view/
Forbidden: /myapp/chat_send/hijiy
Forbidden: /myapp/chat_view/
Forbidden: /myapp/chat_view/
Forbidden: /myapp/chat_view/
Forbidden: /myapp/chat_view/
Forbidden: /myapp/chat_view/
Forbidden: /myapp/chat_view/
Forbidden: /myapp/chat_view/
Forbidden: /myapp/chat_view/
Forbidden: /myapp/chat_view/
Forbidden: /myapp/chat_view/
Forbidden: /myapp/chat_view/
Forbidden: /myapp/chat_view/
Forbidden: /myapp/chat_view/
Forbidden: /myapp/chat_view/
Forbidden: /myapp/chat_view/
Forbidden: /myapp/chat_view/
Forbidden: /myapp/chat_view/
Forbidden: /myapp/chat_send/hijiy
Forbidden: /myapp/chat_view/
Forbidden: /myapp/chat_view/
Forbidden: /myapp/chat_view/
Forbidden: /myapp/chat_view/
Forbidden: /myapp/chat_send/hijiy
Forbidden: /myapp/chat_view/
Forbidden: /myapp/chat_send/hijiy
Forbidden: /myapp/chat_send/hijiy
Forbidden: /myapp/chat_send/hijiy
Forbidden: /myapp/chat_send/hijiy
Forbidden: /myapp/chat_view/
Forbidden: /myapp/chat_view/
Forbidden: /myapp/chat_view/
Forbidden: /myapp/chat_view/
Forbidden: /myapp/chat_view/
Forbidden: /myapp/chat_view/
Forbidden: /myapp/chat_view/
Forbidden: /myapp/chat_view/
Forbidden: /myapp/chat_view/
Forbidden: /myapp/chat_view/
Forbidden: /myapp/chat_view/
Forbidden: /myapp/chat_view/
Forbidden: /myapp/chat_view/
Forbidden: /myapp/chat_view/
Forbidden: /myapp/chat_view/
Forbidden: /myapp/chat_view/
Forbidden: /myapp/chat_view/
Forbidden: /myapp/chat_view/
Forbidden: /myapp/chat_view/
Forbidden: /myapp/chat_view/
Forbidden: /myapp/chat_view/
Forbidden: /myapp/chat_view/
Forbidden: /myapp/chat_view/
Forbidden: /myapp/chat_view/
Forbidden: /myapp/chat_view/
Forbidden: /myapp/chat_view/
Forbidden: /myapp/chat_view/
Forbidden: /myapp/chat_view/
Forbidden: /myapp/chat_view/
Forbidden: /myapp/chat_view/
Forbidden: /myapp/chat_view/
Forbidden: /myapp/chat_view/
Forbidden: /myapp/chat_view/
Forbidden: /myapp/chat_view/
Forbidden: /myapp/chat_view/
Forbidden: /myapp/chat_view/
Forbidden: /myapp/chat_view/
Forbidden: /myapp/chat_view/
Forbidden: /myapp/chat_view/
Forbidden: /myapp/chat_view/
Forbidden: /myapp/chat_view/
Forbidden: /myapp/chat_view/
Forbidden: /myapp/chat_view/
Forbidden: /myapp/chat_view/
Forbidden: /myapp/chat_view/
Forbidden: /myapp/chat_view/
Forbidden: /myapp/chat_view/
Forbidden: /myapp/chat_view/
Forbidden: /myapp/chat_view/
Forbidden: /myapp/chat_view/
Forbidden: /myapp/chat_view/
Forbidden: /myapp/chat_view/
Forbidden: /myapp/chat_view/
Forbidden: /myapp/chat_view/
Forbidden: /myapp/chat_view/
Forbidden: /myapp/chat_view/
Forbidden: /myapp/chat_view/
Forbidden: /myapp/chat_view/
Forbidden: /myapp/chat_view/
Forbidden: /myapp/chat_view/
Forbidden: /myapp/chat_view/
Forbidden: /myapp/chat_view/
Forbidden: /myapp/chat_view/
Forbidden: /myapp/chat_view/
Forbidden: /myapp/chat_view/
Forbidden: /myapp/chat_view/
Forbidden: /myapp/chat_view/
Forbidden: /myapp/chat_view/
Forbidden: /myapp/chat_view/
Forbidden: /myapp/chat_view/
Forbidden: /myapp/chat_view/
Forbidden: /myapp/chat_view/
Forbidden: /myapp/chat_view/
Forbidden: /myapp/chat_view/
Forbidden: /myapp/chat_view/
Forbidden: /myapp/chat_view/
Forbidden: /myapp/chat_view/
Forbidden: /myapp/chat_view/
Forbidden: /myapp/chat_view/
Forbidden: /myapp/chat_view/
Forbidden: /myapp/chat_view/
Forbidden: /myapp/chat_view/
Forbidden: /myapp/chat_view/
Forbidden: /myapp/chat_view/
Forbidden: /myapp/chat_view/
Forbidden: /myapp/chat_view/
Forbidden: /myapp/chat_view/
Forbidden: /myapp/chat_view/
Forbidden: /myapp/chat_view/
Forbidden: /myapp/chat_view/
Forbidden: /myapp/chat_view/
Forbidden: /myapp/chat_view/
Forbidden: /myapp/chat_view/
Forbidden: /myapp/chat_view/
Forbidden: /myapp/chat_view/
Forbidden: /myapp/chat_view/
Forbidden: /myapp/chat_view/
Forbidden: /myapp/chat_view/
Forbidden: /myapp/chat_view/
Forbidden: /myapp/chat_view/
Forbidden: /myapp/chat_view/
Not Found: /
Not Found: /favicon.ico
Not Found: /myapp/index_get2/img/favicon.ico
Not Found: /myapp/viewprofile_get/img/favicon.ico
Not Found: /myapp/edit_user_get/img/favicon.ico
Not Found: /myapp/view_other_user_get/img/favicon.ico
Not Found: /myapp/sent_complaint_get/img/favicon.ico
Not Found: /myapp/view_reply_get/img/favicon.ico
Not Found: /myapp/file_upload_get/img/favicon.ico
Not Found: /myapp/user_view_uploaded_file_get/img/favicon.ico
Not Found: /myapp/user_view_forward_file_get/img/favicon.ico
Not Found: /myapp/user_change_password_get/img/favicon.ico
Not Found: /myapp/forward_file_get/img/favicon.ico
Not Found: /
Not Found: /favicon.ico
Not Found: /myapp/index_get2/img/favicon.ico
Not Found: /
Not Found: /myapp/index_get/img/favicon.ico
Internal Server Error: /myapp/viewprofile_get/
Traceback (most recent call last):
  File "C:\Python312\Lib\site-packages\django\core\handlers\exception.py", line 55, in inner
    response = get_response(request)
               ^^^^^^^^^^^^^^^^^^^^^
  File "C:\Python312\Lib\site-packages\django\core\handlers\base.py", line 197, in _get_response
    response = wrapped_callback(request, *callback_args, **callback_kwargs)
               ^^^^^^^^^^^^^^^^^^^^^^^^^^^^^^^^^^^^^^^^^^^^^^^^^^^^^^^^^^^^
  File "C:\Users\admin\PycharmProjects\cyber_camouflage\myapp\views.py", line 204, in viewprofile_get
    data=Users.objects.get(USER_id=a)
         ^^^^^^^^^^^^^^^^^^^^^^^^^^^^
  File "C:\Python312\Lib\site-packages\django\db\models\manager.py", line 87, in manager_method
    return getattr(self.get_queryset(), name)(*args, **kwargs)
           ^^^^^^^^^^^^^^^^^^^^^^^^^^^^^^^^^^^^^^^^^^^^^^^^^^^
  File "C:\Python312\Lib\site-packages\django\db\models\query.py", line 635, in get
    raise self.model.DoesNotExist(
myapp.models.Users.DoesNotExist: Users matching query does not exist.
Internal Server Error: /myapp/viewprofile_get/
Traceback (most recent call last):
  File "C:\Python312\Lib\site-packages\django\core\handlers\exception.py", line 55, in inner
    response = get_response(request)
               ^^^^^^^^^^^^^^^^^^^^^
  File "C:\Python312\Lib\site-packages\django\core\handlers\base.py", line 197, in _get_response
    response = wrapped_callback(request, *callback_args, **callback_kwargs)
               ^^^^^^^^^^^^^^^^^^^^^^^^^^^^^^^^^^^^^^^^^^^^^^^^^^^^^^^^^^^^
  File "C:\Users\admin\PycharmProjects\cyber_camouflage\myapp\views.py", line 204, in viewprofile_get
    data=Users.objects.get(USER_id=a)
         ^^^^^^^^^^^^^^^^^^^^^^^^^^^^
  File "C:\Python312\Lib\site-packages\django\db\models\manager.py", line 87, in manager_method
    return getattr(self.get_queryset(), name)(*args, **kwargs)
           ^^^^^^^^^^^^^^^^^^^^^^^^^^^^^^^^^^^^^^^^^^^^^^^^^^^
  File "C:\Python312\Lib\site-packages\django\db\models\query.py", line 635, in get
    raise self.model.DoesNotExist(
myapp.models.Users.DoesNotExist: Users matching query does not exist.
Not Found: /myapp/view_other_user_get/img/favicon.ico
Not Found: /myapp/sent_complaint_get/img/favicon.ico
Not Found: /myapp/view_reply_get/img/favicon.ico
Not Found: /myapp/file_upload_get/img/favicon.ico
Not Found: /myapp/user_view_uploaded_file_get/img/favicon.ico
Not Found: /myapp/user_view_forward_file_get/img/favicon.ico
Internal Server Error: /myapp/viewprofile_get/
Traceback (most recent call last):
  File "C:\Python312\Lib\site-packages\django\core\handlers\exception.py", line 55, in inner
    response = get_response(request)
               ^^^^^^^^^^^^^^^^^^^^^
  File "C:\Python312\Lib\site-packages\django\core\handlers\base.py", line 197, in _get_response
    response = wrapped_callback(request, *callback_args, **callback_kwargs)
               ^^^^^^^^^^^^^^^^^^^^^^^^^^^^^^^^^^^^^^^^^^^^^^^^^^^^^^^^^^^^
  File "C:\Users\admin\PycharmProjects\cyber_camouflage\myapp\views.py", line 204, in viewprofile_get
    data=Users.objects.get(USER_id=a)
         ^^^^^^^^^^^^^^^^^^^^^^^^^^^^
  File "C:\Python312\Lib\site-packages\django\db\models\manager.py", line 87, in manager_method
    return getattr(self.get_queryset(), name)(*args, **kwargs)
           ^^^^^^^^^^^^^^^^^^^^^^^^^^^^^^^^^^^^^^^^^^^^^^^^^^^
  File "C:\Python312\Lib\site-packages\django\db\models\query.py", line 635, in get
    raise self.model.DoesNotExist(
myapp.models.Users.DoesNotExist: Users matching query does not exist.
Internal Server Error: /myapp/viewprofile_get/
Traceback (most recent call last):
  File "C:\Python312\Lib\site-packages\django\core\handlers\exception.py", line 55, in inner
    response = get_response(request)
               ^^^^^^^^^^^^^^^^^^^^^
  File "C:\Python312\Lib\site-packages\django\core\handlers\base.py", line 197, in _get_response
    response = wrapped_callback(request, *callback_args, **callback_kwargs)
               ^^^^^^^^^^^^^^^^^^^^^^^^^^^^^^^^^^^^^^^^^^^^^^^^^^^^^^^^^^^^
  File "C:\Users\admin\PycharmProjects\cyber_camouflage\myapp\views.py", line 204, in viewprofile_get
    data=Users.objects.get(USER_id=a)
         ^^^^^^^^^^^^^^^^^^^^^^^^^^^^
  File "C:\Python312\Lib\site-packages\django\db\models\manager.py", line 87, in manager_method
    return getattr(self.get_queryset(), name)(*args, **kwargs)
           ^^^^^^^^^^^^^^^^^^^^^^^^^^^^^^^^^^^^^^^^^^^^^^^^^^^
  File "C:\Python312\Lib\site-packages\django\db\models\query.py", line 635, in get
    raise self.model.DoesNotExist(
myapp.models.Users.DoesNotExist: Users matching query does not exist.
Not Found: /myapp/viewuser_get/img/favicon.ico
Not Found: /myapp/viewcomplaint_get/img/favicon.ico
Not Found: /myapp/admin_view_uploaded_file_get/img/favicon.ico
Not Found: /myapp/admin_file_upload_get/img/favicon.ico
Not Found: /myapp/logs_get/img/favicon.ico
Not Found: /myapp/change_password_get/img/favicon.ico
Internal Server Error: /myapp/viewprofile_get/
Traceback (most recent call last):
  File "C:\Python312\Lib\site-packages\django\core\handlers\exception.py", line 55, in inner
    response = get_response(request)
               ^^^^^^^^^^^^^^^^^^^^^
  File "C:\Python312\Lib\site-packages\django\core\handlers\base.py", line 197, in _get_response
    response = wrapped_callback(request, *callback_args, **callback_kwargs)
               ^^^^^^^^^^^^^^^^^^^^^^^^^^^^^^^^^^^^^^^^^^^^^^^^^^^^^^^^^^^^
  File "C:\Users\admin\PycharmProjects\cyber_camouflage\myapp\views.py", line 204, in viewprofile_get
    data=Users.objects.get(USER_id=a)
         ^^^^^^^^^^^^^^^^^^^^^^^^^^^^
  File "C:\Python312\Lib\site-packages\django\db\models\manager.py", line 87, in manager_method
    return getattr(self.get_queryset(), name)(*args, **kwargs)
           ^^^^^^^^^^^^^^^^^^^^^^^^^^^^^^^^^^^^^^^^^^^^^^^^^^^
  File "C:\Python312\Lib\site-packages\django\db\models\query.py", line 635, in get
    raise self.model.DoesNotExist(
myapp.models.Users.DoesNotExist: Users matching query does not exist.
Not Found: /
Not Found: /favicon.ico
Not Found: /myapp/index_get2/img/favicon.ico
Not Found: /myapp/viewprofile_get/img/favicon.ico
Not Found: /myapp/edit_user_get/img/favicon.ico
Not Found: /myapp/view_other_user_get/img/favicon.ico
Not Found: /myapp/forward_file_get/img/favicon.ico
Internal Server Error: /myapp/forward_file_get/9
Traceback (most recent call last):
  File "C:\Python312\Lib\site-packages\django\core\handlers\exception.py", line 55, in inner
    response = get_response(request)
               ^^^^^^^^^^^^^^^^^^^^^
  File "C:\Python312\Lib\site-packages\django\core\handlers\base.py", line 197, in _get_response
    response = wrapped_callback(request, *callback_args, **callback_kwargs)
               ^^^^^^^^^^^^^^^^^^^^^^^^^^^^^^^^^^^^^^^^^^^^^^^^^^^^^^^^^^^^
  File "C:\Users\admin\PycharmProjects\cyber_camouflage\myapp\views.py", line 345, in forward_file_get
    return render(request,'userpages/forward_file.html')
           ^^^^^^^^^^^^^^^^^^^^^^^^^^^^^^^^^^^^^^^^^^^^^
  File "C:\Python312\Lib\site-packages\django\shortcuts.py", line 25, in render
    content = loader.render_to_string(template_name, context, request, using=using)
              ^^^^^^^^^^^^^^^^^^^^^^^^^^^^^^^^^^^^^^^^^^^^^^^^^^^^^^^^^^^^^^^^^^^^^
  File "C:\Python312\Lib\site-packages\django\template\loader.py", line 61, in render_to_string
    template = get_template(template_name, using=using)
               ^^^^^^^^^^^^^^^^^^^^^^^^^^^^^^^^^^^^^^^^
  File "C:\Python312\Lib\site-packages\django\template\loader.py", line 15, in get_template
    return engine.get_template(template_name)
           ^^^^^^^^^^^^^^^^^^^^^^^^^^^^^^^^^^
  File "C:\Python312\Lib\site-packages\django\template\backends\django.py", line 79, in get_template
    return Template(self.engine.get_template(template_name), self)
                    ^^^^^^^^^^^^^^^^^^^^^^^^^^^^^^^^^^^^^^^
  File "C:\Python312\Lib\site-packages\django\template\engine.py", line 177, in get_template
    template, origin = self.find_template(template_name)
                       ^^^^^^^^^^^^^^^^^^^^^^^^^^^^^^^^^
  File "C:\Python312\Lib\site-packages\django\template\engine.py", line 159, in find_template
    template = loader.get_template(name, skip=skip)
               ^^^^^^^^^^^^^^^^^^^^^^^^^^^^^^^^^^^^
  File "C:\Python312\Lib\site-packages\django\template\loaders\cached.py", line 57, in get_template
    template = super().get_template(template_name, skip)
               ^^^^^^^^^^^^^^^^^^^^^^^^^^^^^^^^^^^^^^^^^
  File "C:\Python312\Lib\site-packages\django\template\loaders\base.py", line 28, in get_template
    return Template(
           ^^^^^^^^^
  File "C:\Python312\Lib\site-packages\django\template\base.py", line 155, in __init__
    self.nodelist = self.compile_nodelist()
                    ^^^^^^^^^^^^^^^^^^^^^^^
  File "C:\Python312\Lib\site-packages\django\template\base.py", line 197, in compile_nodelist
    nodelist = parser.parse()
               ^^^^^^^^^^^^^^
  File "C:\Python312\Lib\site-packages\django\template\base.py", line 519, in parse
    raise self.error(token, e)
  File "C:\Python312\Lib\site-packages\django\template\base.py", line 517, in parse
    compiled_result = compile_func(self, token)
                      ^^^^^^^^^^^^^^^^^^^^^^^^^
  File "C:\Python312\Lib\site-packages\django\template\loader_tags.py", line 299, in do_extends
    nodelist = parser.parse()
               ^^^^^^^^^^^^^^
  File "C:\Python312\Lib\site-packages\django\template\base.py", line 519, in parse
    raise self.error(token, e)
  File "C:\Python312\Lib\site-packages\django\template\base.py", line 517, in parse
    compiled_result = compile_func(self, token)
                      ^^^^^^^^^^^^^^^^^^^^^^^^^
  File "C:\Python312\Lib\site-packages\django\template\loader_tags.py", line 299, in do_extends
    nodelist = parser.parse()
               ^^^^^^^^^^^^^^
  File "C:\Python312\Lib\site-packages\django\template\base.py", line 519, in parse
    raise self.error(token, e)
  File "C:\Python312\Lib\site-packages\django\template\base.py", line 517, in parse
    compiled_result = compile_func(self, token)
                      ^^^^^^^^^^^^^^^^^^^^^^^^^
  File "C:\Python312\Lib\site-packages\django\template\loader_tags.py", line 228, in do_block
    raise TemplateSyntaxError(
django.template.exceptions.TemplateSyntaxError: 'block' tag with name 'body' appears more than once
Internal Server Error: /myapp/forward_file_get/9
Traceback (most recent call last):
  File "C:\Python312\Lib\site-packages\django\core\handlers\exception.py", line 55, in inner
    response = get_response(request)
               ^^^^^^^^^^^^^^^^^^^^^
  File "C:\Python312\Lib\site-packages\django\core\handlers\base.py", line 197, in _get_response
    response = wrapped_callback(request, *callback_args, **callback_kwargs)
               ^^^^^^^^^^^^^^^^^^^^^^^^^^^^^^^^^^^^^^^^^^^^^^^^^^^^^^^^^^^^
  File "C:\Users\admin\PycharmProjects\cyber_camouflage\myapp\views.py", line 345, in forward_file_get
    return render(request,'userpages/forward_file.html')
           ^^^^^^^^^^^^^^^^^^^^^^^^^^^^^^^^^^^^^^^^^^^^^
  File "C:\Python312\Lib\site-packages\django\shortcuts.py", line 25, in render
    content = loader.render_to_string(template_name, context, request, using=using)
              ^^^^^^^^^^^^^^^^^^^^^^^^^^^^^^^^^^^^^^^^^^^^^^^^^^^^^^^^^^^^^^^^^^^^^
  File "C:\Python312\Lib\site-packages\django\template\loader.py", line 61, in render_to_string
    template = get_template(template_name, using=using)
               ^^^^^^^^^^^^^^^^^^^^^^^^^^^^^^^^^^^^^^^^
  File "C:\Python312\Lib\site-packages\django\template\loader.py", line 15, in get_template
    return engine.get_template(template_name)
           ^^^^^^^^^^^^^^^^^^^^^^^^^^^^^^^^^^
  File "C:\Python312\Lib\site-packages\django\template\backends\django.py", line 79, in get_template
    return Template(self.engine.get_template(template_name), self)
                    ^^^^^^^^^^^^^^^^^^^^^^^^^^^^^^^^^^^^^^^
  File "C:\Python312\Lib\site-packages\django\template\engine.py", line 177, in get_template
    template, origin = self.find_template(template_name)
                       ^^^^^^^^^^^^^^^^^^^^^^^^^^^^^^^^^
  File "C:\Python312\Lib\site-packages\django\template\engine.py", line 159, in find_template
    template = loader.get_template(name, skip=skip)
               ^^^^^^^^^^^^^^^^^^^^^^^^^^^^^^^^^^^^
  File "C:\Python312\Lib\site-packages\django\template\loaders\cached.py", line 57, in get_template
    template = super().get_template(template_name, skip)
               ^^^^^^^^^^^^^^^^^^^^^^^^^^^^^^^^^^^^^^^^^
  File "C:\Python312\Lib\site-packages\django\template\loaders\base.py", line 28, in get_template
    return Template(
           ^^^^^^^^^
  File "C:\Python312\Lib\site-packages\django\template\base.py", line 155, in __init__
    self.nodelist = self.compile_nodelist()
                    ^^^^^^^^^^^^^^^^^^^^^^^
  File "C:\Python312\Lib\site-packages\django\template\base.py", line 197, in compile_nodelist
    nodelist = parser.parse()
               ^^^^^^^^^^^^^^
  File "C:\Python312\Lib\site-packages\django\template\base.py", line 519, in parse
    raise self.error(token, e)
  File "C:\Python312\Lib\site-packages\django\template\base.py", line 517, in parse
    compiled_result = compile_func(self, token)
                      ^^^^^^^^^^^^^^^^^^^^^^^^^
  File "C:\Python312\Lib\site-packages\django\template\loader_tags.py", line 299, in do_extends
    nodelist = parser.parse()
               ^^^^^^^^^^^^^^
  File "C:\Python312\Lib\site-packages\django\template\base.py", line 519, in parse
    raise self.error(token, e)
  File "C:\Python312\Lib\site-packages\django\template\base.py", line 517, in parse
    compiled_result = compile_func(self, token)
                      ^^^^^^^^^^^^^^^^^^^^^^^^^
  File "C:\Python312\Lib\site-packages\django\template\loader_tags.py", line 299, in do_extends
    nodelist = parser.parse()
               ^^^^^^^^^^^^^^
  File "C:\Python312\Lib\site-packages\django\template\base.py", line 519, in parse
    raise self.error(token, e)
  File "C:\Python312\Lib\site-packages\django\template\base.py", line 517, in parse
    compiled_result = compile_func(self, token)
                      ^^^^^^^^^^^^^^^^^^^^^^^^^
  File "C:\Python312\Lib\site-packages\django\template\loader_tags.py", line 228, in do_block
    raise TemplateSyntaxError(
django.template.exceptions.TemplateSyntaxError: 'block' tag with name 'body' appears more than once
Not Found: /myapp/user_view_uploaded_file_get/img/favicon.ico
Not Found: /myapp/user_view_forward_file_get/img/favicon.ico
Not Found: /myapp/sent_complaint_get/img/favicon.ico
Not Found: /myapp/view_reply_get/img/favicon.ico
Not Found: /myapp/file_upload_get/img/favicon.ico
Not Found: /myapp/user_change_password_get/img/favicon.ico
Forbidden: /myapp/chat_view/
Forbidden: /myapp/chat_view/
Forbidden: /myapp/chat_view/
Forbidden: /myapp/chat_view/
Forbidden: /myapp/chat_view/
Forbidden: /myapp/chat_view/
Forbidden: /myapp/chat_view/
Forbidden: /myapp/chat_view/
Forbidden: /myapp/chat_view/
Forbidden: /myapp/chat_view/
Forbidden: /myapp/chat_view/
Forbidden: /myapp/chat_view/
Forbidden: /myapp/chat_view/
Forbidden: /myapp/chat_view/
Forbidden: /myapp/chat_view/
Forbidden: /myapp/chat_view/
Forbidden: /myapp/chat_view/
Forbidden: /myapp/chat_view/
Forbidden: /myapp/chat_view/
Forbidden: /myapp/chat_view/
Forbidden: /myapp/chat_view/
Forbidden: /myapp/chat_view/
Forbidden: /myapp/chat_view/
Forbidden: /myapp/chat_view/
Forbidden: /myapp/chat_view/
Forbidden: /myapp/chat_view/
Forbidden: /myapp/chat_view/
Forbidden: /myapp/chat_view/
Forbidden: /myapp/chat_view/
Forbidden: /myapp/chat_view/
Forbidden: /myapp/chat_view/
Forbidden: /myapp/chat_view/
Forbidden: /myapp/chat_view/
Forbidden: /myapp/chat_view/
Forbidden: /myapp/chat_view/
Forbidden: /myapp/chat_view/
Forbidden: /myapp/chat_view/
Forbidden: /myapp/chat_view/
Forbidden: /myapp/chat_view/
Forbidden: /myapp/chat_view/
Forbidden: /myapp/chat_view/
Forbidden: /myapp/chat_view/
Forbidden: /myapp/chat_view/
Forbidden: /myapp/chat_view/
Forbidden: /myapp/chat_view/
Forbidden: /myapp/chat_view/
Forbidden: /myapp/chat_view/
Forbidden: /myapp/chat_view/
Forbidden: /myapp/chat_view/
Forbidden: /myapp/chat_view/
Forbidden: /myapp/chat_view/
Forbidden: /myapp/chat_view/
Forbidden: /myapp/chat_view/
Forbidden: /myapp/chat_view/
Forbidden: /myapp/chat_view/
Forbidden: /myapp/chat_view/
Forbidden: /myapp/chat_view/
Forbidden: /myapp/chat_view/
Forbidden: /myapp/chat_view/
Forbidden: /myapp/chat_view/
Forbidden: /myapp/chat_view/
Forbidden: /myapp/chat_view/
Forbidden: /myapp/chat_view/
Forbidden: /myapp/chat_view/
Forbidden: /myapp/chat_view/
Forbidden: /myapp/chat_view/
Forbidden: /myapp/chat_view/
Forbidden: /myapp/chat_view/
Forbidden: /myapp/chat_view/
Forbidden: /myapp/chat_view/
Forbidden: /myapp/chat_view/
Forbidden: /myapp/chat_view/
Forbidden: /myapp/chat_view/
Forbidden: /myapp/chat_view/
Forbidden: /myapp/chat_view/
Forbidden: /myapp/chat_view/
Forbidden: /myapp/chat_view/
Forbidden: /myapp/chat_view/
Forbidden: /myapp/chat_view/
Forbidden: /myapp/chat_view/
Forbidden: /myapp/chat_view/
Forbidden: /myapp/chat_view/
Forbidden: /myapp/chat_view/
Forbidden: /myapp/chat_view/
Forbidden: /myapp/chat_view/
Forbidden: /myapp/chat_view/
Forbidden: /myapp/chat_view/
Forbidden: /myapp/chat_view/
Forbidden: /myapp/chat_view/
Forbidden: /myapp/chat_view/
Forbidden: /myapp/chat_view/
Forbidden: /myapp/chat_view/
Forbidden: /myapp/chat_view/
Forbidden: /myapp/chat_view/
Forbidden: /myapp/chat_view/
Forbidden: /myapp/chat_view/
Forbidden: /myapp/chat_view/
Forbidden: /myapp/chat_view/
Forbidden: /myapp/chat_view/
Forbidden: /myapp/chat_view/
Forbidden: /myapp/chat_view/
Forbidden: /myapp/chat_view/
Forbidden: /myapp/chat_view/
Forbidden: /myapp/chat_view/
Forbidden: /myapp/chat_view/
Forbidden: /myapp/chat_view/
Forbidden: /myapp/chat_view/
Forbidden: /myapp/chat_view/
Forbidden: /myapp/chat_view/
Forbidden: /myapp/chat_view/
Forbidden: /myapp/chat_view/
Forbidden: /myapp/chat_view/
Forbidden: /myapp/chat_view/
Forbidden: /myapp/chat_view/
Forbidden: /myapp/chat_view/
Forbidden: /myapp/chat_view/
Forbidden: /myapp/chat_view/
Forbidden: /myapp/chat1/18
Forbidden: /myapp/chat1/18
Forbidden: /myapp/chat1/18
Not Found: /
Not Found: /favicon.ico
Not Found: /myapp/index_get2/img/favicon.ico
Not Found: /myapp/view_other_user_get/img/favicon.ico
Not Found: /myapp/chat1/img/favicon.ico
Forbidden: /myapp/chat_view/
Forbidden: /myapp/chat_view/
Forbidden: /myapp/chat_view/
Forbidden: /myapp/chat_view/
Forbidden: /myapp/chat_view/
Forbidden: /myapp/chat_view/
Forbidden: /myapp/chat_view/
Forbidden: /myapp/chat_view/
Forbidden: /myapp/chat_view/
Forbidden: /myapp/chat_view/
Forbidden: /myapp/chat_view/
Forbidden: /myapp/chat_view/
Forbidden: /myapp/chat_view/
Forbidden: /myapp/chat_view/
Forbidden: /myapp/chat_view/
Forbidden: /myapp/chat_view/
Forbidden: /myapp/chat_view/
Forbidden: /myapp/chat_view/
Forbidden: /myapp/chat_view/
Forbidden: /myapp/chat_view/
Forbidden: /myapp/chat_view/
Forbidden: /myapp/chat_view/
Forbidden: /myapp/chat_view/
Forbidden: /myapp/chat_view/
Forbidden: /myapp/chat_view/
Forbidden: /myapp/chat_view/
Forbidden: /myapp/chat_view/
Forbidden: /myapp/chat_view/
Forbidden: /myapp/chat_view/
Forbidden: /myapp/chat_view/
Forbidden: /myapp/chat_view/
Forbidden: /myapp/chat_view/
Forbidden: /myapp/chat_view/
Forbidden: /myapp/chat_view/
Forbidden: /myapp/chat_view/
Forbidden: /myapp/chat_view/
Forbidden: /myapp/chat_view/
Forbidden: /myapp/chat_view/
Forbidden: /myapp/chat1/19
Forbidden: /myapp/chat1/19
Not Found: /
Not Found: /favicon.ico
Not Found: /myapp/index_get2/img/favicon.ico
Not Found: /myapp/view_other_user_get/img/favicon.ico
Not Found: /myapp/chat1/img/favicon.ico
Forbidden: /myapp/chat_view/
Forbidden: /myapp/chat_view/
Forbidden: /myapp/chat_view/
Forbidden: /myapp/chat_view/
Forbidden: /myapp/chat_view/
Forbidden: /myapp/chat_view/
Forbidden: /myapp/chat_view/
Forbidden: /myapp/chat_view/
Forbidden: /myapp/chat_view/
Forbidden: /myapp/chat_view/
Forbidden: /myapp/chat_view/
Forbidden: /myapp/chat_view/
Forbidden: /myapp/chat_view/
Forbidden: /myapp/chat_view/
Forbidden: /myapp/chat_view/
Forbidden: /myapp/chat_view/
Forbidden: /myapp/chat_view/
Forbidden: /myapp/chat_view/
Forbidden: /myapp/chat_view/
Forbidden: /myapp/chat_view/
Forbidden: /myapp/chat_view/
Forbidden: /myapp/chat_view/
Forbidden: /myapp/chat_view/
Forbidden: /myapp/chat_view/
Forbidden: /myapp/chat_view/
Forbidden: /myapp/chat_view/
Forbidden: /myapp/chat_view/
Forbidden: /myapp/chat_view/
Forbidden: /myapp/chat_view/
Forbidden: /myapp/chat_view/
Forbidden: /myapp/chat_view/
Forbidden: /myapp/chat_view/
Forbidden: /myapp/chat_view/
Forbidden: /myapp/chat_view/
Forbidden: /myapp/chat_view/
Forbidden: /myapp/chat_view/
Forbidden: /myapp/chat_view/
Forbidden: /myapp/chat_view/
Forbidden: /myapp/chat_view/
Forbidden: /myapp/chat_view/
Forbidden: /myapp/chat_view/
Forbidden: /myapp/chat_view/
Forbidden: /myapp/chat_view/
Forbidden: /myapp/chat_view/
Forbidden: /myapp/chat_view/
Forbidden: /myapp/chat_view/
Forbidden: /myapp/chat_view/
Forbidden: /myapp/chat_view/
Forbidden: /myapp/chat_view/
Forbidden: /myapp/chat_view/
Forbidden: /myapp/chat_view/
Forbidden: /myapp/chat_view/
Forbidden: /myapp/chat_view/
Forbidden: /myapp/chat_view/
Forbidden: /myapp/chat_view/
Forbidden: /myapp/chat_view/
Forbidden: /myapp/chat_view/
Forbidden: /myapp/chat_view/
Forbidden: /myapp/chat_view/
Forbidden: /myapp/chat_view/
Forbidden: /myapp/chat_view/
Forbidden: /myapp/chat_view/
Forbidden: /myapp/chat_view/
Forbidden: /myapp/chat_view/
Forbidden: /myapp/chat_view/
Forbidden: /myapp/chat_view/
Forbidden: /myapp/chat_view/
Forbidden: /myapp/chat_view/
Forbidden: /myapp/chat_view/
Forbidden: /myapp/chat_view/
Forbidden: /myapp/chat_view/
Forbidden: /myapp/chat_view/
Forbidden: /myapp/chat_view/
Forbidden: /myapp/chat_view/
Forbidden: /myapp/chat_view/
Forbidden: /myapp/chat_view/
Forbidden: /myapp/chat_view/
Forbidden: /myapp/chat_view/
Forbidden: /myapp/chat_view/
Forbidden: /myapp/chat_view/
Forbidden: /myapp/chat_view/
Forbidden: /myapp/chat_view/
Forbidden: /myapp/chat_view/
Forbidden: /myapp/chat_view/
Forbidden: /myapp/chat_view/
Forbidden: /myapp/chat1/18
Not Found: /
Not Found: /favicon.ico
Not Found: /myapp/index_get2/img/favicon.ico
Not Found: /myapp/view_other_user_get/img/favicon.ico
Not Found: /myapp/chat1/img/favicon.ico
Forbidden: /myapp/chat_view/
Forbidden: /myapp/chat_view/
Forbidden: /myapp/chat_view/
Forbidden: /myapp/chat_view/
Forbidden: /myapp/chat_view/
Forbidden: /myapp/chat_view/
Forbidden: /myapp/chat_view/
Forbidden: /myapp/chat_view/
Forbidden: /myapp/chat_view/
Forbidden: /myapp/chat_view/
Forbidden: /myapp/chat_view/
Forbidden: /myapp/chat_view/
Forbidden: /myapp/chat_view/
Forbidden: /myapp/chat_view/
Forbidden: /myapp/chat_view/
Forbidden: /myapp/chat_view/
Forbidden: /myapp/chat_view/
Forbidden: /myapp/chat_view/
Forbidden: /myapp/chat_view/
Forbidden: /myapp/chat_view/
Forbidden: /myapp/chat_view/
Forbidden: /myapp/chat_view/
Forbidden: /myapp/chat_view/
Forbidden: /myapp/chat1/18
Not Found: /
Not Found: /favicon.ico
Not Found: /myapp/index_get2/img/favicon.ico
Not Found: /myapp/view_other_user_get/img/favicon.ico
Not Found: /myapp/chat1/img/favicon.ico
Internal Server Error: /myapp/chat_view/
Traceback (most recent call last):
  File "C:\Python312\Lib\site-packages\django\core\handlers\exception.py", line 55, in inner
    response = get_response(request)
               ^^^^^^^^^^^^^^^^^^^^^
  File "C:\Python312\Lib\site-packages\django\core\handlers\base.py", line 197, in _get_response
    response = wrapped_callback(request, *callback_args, **callback_kwargs)
               ^^^^^^^^^^^^^^^^^^^^^^^^^^^^^^^^^^^^^^^^^^^^^^^^^^^^^^^^^^^^
  File "C:\Users\admin\PycharmProjects\cyber_camouflage\myapp\views.py", line 1491, in chat_view
    toid = request.session["userid"]
           ~~~~~~~~~~~~~~~^^^^^^^^^^
  File "C:\Python312\Lib\site-packages\django\contrib\sessions\backends\base.py", line 55, in __getitem__
    return self._session[key]
           ~~~~~~~~~~~~~^^^^^
KeyError: 'userid'
Internal Server Error: /myapp/chat_view/
Traceback (most recent call last):
  File "C:\Python312\Lib\site-packages\django\core\handlers\exception.py", line 55, in inner
    response = get_response(request)
               ^^^^^^^^^^^^^^^^^^^^^
  File "C:\Python312\Lib\site-packages\django\core\handlers\base.py", line 197, in _get_response
    response = wrapped_callback(request, *callback_args, **callback_kwargs)
               ^^^^^^^^^^^^^^^^^^^^^^^^^^^^^^^^^^^^^^^^^^^^^^^^^^^^^^^^^^^^
  File "C:\Users\admin\PycharmProjects\cyber_camouflage\myapp\views.py", line 1491, in chat_view
    toid = request.session["userid"]
           ~~~~~~~~~~~~~~~^^^^^^^^^^
  File "C:\Python312\Lib\site-packages\django\contrib\sessions\backends\base.py", line 55, in __getitem__
    return self._session[key]
           ~~~~~~~~~~~~~^^^^^
KeyError: 'userid'
Not Found: /
Not Found: /favicon.ico
Not Found: /myapp/signup_get/img/favicon.ico
Not Found: /myapp/registration_post/
Not Found: /myapp/registration_post/
Internal Server Error: /myapp/signup_post/
Traceback (most recent call last):
  File "C:\Python312\Lib\site-packages\django\utils\datastructures.py", line 84, in __getitem__
    list_ = super().__getitem__(key)
            ^^^^^^^^^^^^^^^^^^^^^^^^
KeyError: 'district'

During handling of the above exception, another exception occurred:

Traceback (most recent call last):
  File "C:\Python312\Lib\site-packages\django\core\handlers\exception.py", line 55, in inner
    response = get_response(request)
               ^^^^^^^^^^^^^^^^^^^^^
  File "C:\Python312\Lib\site-packages\django\core\handlers\base.py", line 197, in _get_response
    response = wrapped_callback(request, *callback_args, **callback_kwargs)
               ^^^^^^^^^^^^^^^^^^^^^^^^^^^^^^^^^^^^^^^^^^^^^^^^^^^^^^^^^^^^
  File "C:\Users\admin\PycharmProjects\cyber_camouflage\myapp\views.py", line 64, in signup_post
    district=request.POST['district']
             ~~~~~~~~~~~~^^^^^^^^^^^^
  File "C:\Python312\Lib\site-packages\django\utils\datastructures.py", line 86, in __getitem__
    raise MultiValueDictKeyError(key)
django.utils.datastructures.MultiValueDictKeyError: 'district'
Internal Server Error: /myapp/signup_post/
Traceback (most recent call last):
  File "C:\Python312\Lib\site-packages\django\utils\datastructures.py", line 84, in __getitem__
    list_ = super().__getitem__(key)
            ^^^^^^^^^^^^^^^^^^^^^^^^
KeyError: 'district'

During handling of the above exception, another exception occurred:

Traceback (most recent call last):
  File "C:\Python312\Lib\site-packages\django\core\handlers\exception.py", line 55, in inner
    response = get_response(request)
               ^^^^^^^^^^^^^^^^^^^^^
  File "C:\Python312\Lib\site-packages\django\core\handlers\base.py", line 197, in _get_response
    response = wrapped_callback(request, *callback_args, **callback_kwargs)
               ^^^^^^^^^^^^^^^^^^^^^^^^^^^^^^^^^^^^^^^^^^^^^^^^^^^^^^^^^^^^
  File "C:\Users\admin\PycharmProjects\cyber_camouflage\myapp\views.py", line 64, in signup_post
    district=request.POST['district']
             ~~~~~~~~~~~~^^^^^^^^^^^^
  File "C:\Python312\Lib\site-packages\django\utils\datastructures.py", line 86, in __getitem__
    raise MultiValueDictKeyError(key)
django.utils.datastructures.MultiValueDictKeyError: 'district'
Internal Server Error: /myapp/signup_post/
Traceback (most recent call last):
  File "C:\Python312\Lib\site-packages\django\utils\datastructures.py", line 84, in __getitem__
    list_ = super().__getitem__(key)
            ^^^^^^^^^^^^^^^^^^^^^^^^
KeyError: 'district'

During handling of the above exception, another exception occurred:

Traceback (most recent call last):
  File "C:\Python312\Lib\site-packages\django\core\handlers\exception.py", line 55, in inner
    response = get_response(request)
               ^^^^^^^^^^^^^^^^^^^^^
  File "C:\Python312\Lib\site-packages\django\core\handlers\base.py", line 197, in _get_response
    response = wrapped_callback(request, *callback_args, **callback_kwargs)
               ^^^^^^^^^^^^^^^^^^^^^^^^^^^^^^^^^^^^^^^^^^^^^^^^^^^^^^^^^^^^
  File "C:\Users\admin\PycharmProjects\cyber_camouflage\myapp\views.py", line 64, in signup_post
    district=request.POST['district']
             ~~~~~~~~~~~~^^^^^^^^^^^^
  File "C:\Python312\Lib\site-packages\django\utils\datastructures.py", line 86, in __getitem__
    raise MultiValueDictKeyError(key)
django.utils.datastructures.MultiValueDictKeyError: 'district'
Internal Server Error: /myapp/signup_post/
Traceback (most recent call last):
  File "C:\Python312\Lib\site-packages\django\db\backends\utils.py", line 105, in _execute
    return self.cursor.execute(sql, params)
           ^^^^^^^^^^^^^^^^^^^^^^^^^^^^^^^^
  File "C:\Python312\Lib\site-packages\django\db\backends\mysql\base.py", line 76, in execute
    return self.cursor.execute(query, args)
           ^^^^^^^^^^^^^^^^^^^^^^^^^^^^^^^^
  File "C:\Python312\Lib\site-packages\MySQLdb\cursors.py", line 179, in execute
    res = self._query(mogrified_query)
          ^^^^^^^^^^^^^^^^^^^^^^^^^^^^
  File "C:\Python312\Lib\site-packages\MySQLdb\cursors.py", line 330, in _query
    db.query(q)
  File "C:\Python312\Lib\site-packages\MySQLdb\connections.py", line 280, in query
    _mysql.connection.query(self, query)
MySQLdb.IntegrityError: (1062, "Duplicate entry 'sreyakjoy21@gmail.com' for key 'auth_user.username'")

The above exception was the direct cause of the following exception:

Traceback (most recent call last):
  File "C:\Python312\Lib\site-packages\django\core\handlers\exception.py", line 55, in inner
    response = get_response(request)
               ^^^^^^^^^^^^^^^^^^^^^
  File "C:\Python312\Lib\site-packages\django\core\handlers\base.py", line 197, in _get_response
    response = wrapped_callback(request, *callback_args, **callback_kwargs)
               ^^^^^^^^^^^^^^^^^^^^^^^^^^^^^^^^^^^^^^^^^^^^^^^^^^^^^^^^^^^^
  File "C:\Users\admin\PycharmProjects\cyber_camouflage\myapp\views.py", line 70, in signup_post
    user =User.objects.create_user(username=email,password=password)
          ^^^^^^^^^^^^^^^^^^^^^^^^^^^^^^^^^^^^^^^^^^^^^^^^^^^^^^^^^^
  File "C:\Python312\Lib\site-packages\django\contrib\auth\models.py", line 175, in create_user
    return self._create_user(username, email, password, **extra_fields)
           ^^^^^^^^^^^^^^^^^^^^^^^^^^^^^^^^^^^^^^^^^^^^^^^^^^^^^^^^^^^^
  File "C:\Python312\Lib\site-packages\django\contrib\auth\models.py", line 163, in _create_user
    user.save(using=self._db)
  File "C:\Python312\Lib\site-packages\django\contrib\auth\base_user.py", line 65, in save
    super().save(*args, **kwargs)
  File "C:\Python312\Lib\site-packages\django\db\models\base.py", line 902, in save
    self.save_base(
  File "C:\Python312\Lib\site-packages\django\db\models\base.py", line 1008, in save_base
    updated = self._save_table(
              ^^^^^^^^^^^^^^^^^
  File "C:\Python312\Lib\site-packages\django\db\models\base.py", line 1169, in _save_table
    results = self._do_insert(
              ^^^^^^^^^^^^^^^^
  File "C:\Python312\Lib\site-packages\django\db\models\base.py", line 1210, in _do_insert
    return manager._insert(
           ^^^^^^^^^^^^^^^^
  File "C:\Python312\Lib\site-packages\django\db\models\manager.py", line 87, in manager_method
    return getattr(self.get_queryset(), name)(*args, **kwargs)
           ^^^^^^^^^^^^^^^^^^^^^^^^^^^^^^^^^^^^^^^^^^^^^^^^^^^
  File "C:\Python312\Lib\site-packages\django\db\models\query.py", line 1873, in _insert
    return query.get_compiler(using=using).execute_sql(returning_fields)
           ^^^^^^^^^^^^^^^^^^^^^^^^^^^^^^^^^^^^^^^^^^^^^^^^^^^^^^^^^^^^^
  File "C:\Python312\Lib\site-packages\django\db\models\sql\compiler.py", line 1882, in execute_sql
    cursor.execute(sql, params)
  File "C:\Python312\Lib\site-packages\django\db\backends\utils.py", line 122, in execute
    return super().execute(sql, params)
           ^^^^^^^^^^^^^^^^^^^^^^^^^^^^
  File "C:\Python312\Lib\site-packages\django\db\backends\utils.py", line 79, in execute
    return self._execute_with_wrappers(
           ^^^^^^^^^^^^^^^^^^^^^^^^^^^^
  File "C:\Python312\Lib\site-packages\django\db\backends\utils.py", line 92, in _execute_with_wrappers
    return executor(sql, params, many, context)
           ^^^^^^^^^^^^^^^^^^^^^^^^^^^^^^^^^^^^
  File "C:\Python312\Lib\site-packages\django\db\backends\utils.py", line 100, in _execute
    with self.db.wrap_database_errors:
  File "C:\Python312\Lib\site-packages\django\db\utils.py", line 91, in __exit__
    raise dj_exc_value.with_traceback(traceback) from exc_value
  File "C:\Python312\Lib\site-packages\django\db\backends\utils.py", line 105, in _execute
    return self.cursor.execute(sql, params)
           ^^^^^^^^^^^^^^^^^^^^^^^^^^^^^^^^
  File "C:\Python312\Lib\site-packages\django\db\backends\mysql\base.py", line 76, in execute
    return self.cursor.execute(query, args)
           ^^^^^^^^^^^^^^^^^^^^^^^^^^^^^^^^
  File "C:\Python312\Lib\site-packages\MySQLdb\cursors.py", line 179, in execute
    res = self._query(mogrified_query)
          ^^^^^^^^^^^^^^^^^^^^^^^^^^^^
  File "C:\Python312\Lib\site-packages\MySQLdb\cursors.py", line 330, in _query
    db.query(q)
  File "C:\Python312\Lib\site-packages\MySQLdb\connections.py", line 280, in query
    _mysql.connection.query(self, query)
django.db.utils.IntegrityError: (1062, "Duplicate entry 'sreyakjoy21@gmail.com' for key 'auth_user.username'")
Not Found: /myapp/index_get/img/favicon.ico
Not Found: /myapp/viewuser_get/img/favicon.ico
Not Found: /myapp/viewcomplaint_get/img/favicon.ico
Not Found: /myapp/admin_view_uploaded_file_get/img/favicon.ico
Not Found: /myapp/admin_file_upload_get/img/favicon.ico
Not Found: /myapp/logs_get/img/favicon.ico
Not Found: /myapp/change_password_get/img/favicon.ico
Not Found: /myapp/index_get2/img/favicon.ico
Not Found: /myapp/viewprofile_get/img/favicon.ico
Not Found: /myapp/view_other_user_get/img/favicon.ico
Not Found: /myapp/forward_file_get/img/favicon.ico
Not Found: /myapp/chat1/img/favicon.ico
Internal Server Error: /myapp/chat_send/hi
Traceback (most recent call last):
  File "C:\Python312\Lib\site-packages\django\core\handlers\exception.py", line 55, in inner
    response = get_response(request)
               ^^^^^^^^^^^^^^^^^^^^^
  File "C:\Python312\Lib\site-packages\django\core\handlers\base.py", line 197, in _get_response
    response = wrapped_callback(request, *callback_args, **callback_kwargs)
               ^^^^^^^^^^^^^^^^^^^^^^^^^^^^^^^^^^^^^^^^^^^^^^^^^^^^^^^^^^^^
  File "C:\Users\admin\PycharmProjects\cyber_camouflage\myapp\views.py", line 1559, in chat_send
    encrypted_msg = encrypt_message(msg)
                    ^^^^^^^^^^^^^^^^^^^^
  File "C:\Users\admin\PycharmProjects\cyber_camouflage\myapp\views.py", line 1459, in encrypt_message
    aesgcm = AESGCM(AES_KEY)
             ^^^^^^^^^^^^^^^
ValueError: AESGCM key must be 128, 192, or 256 bits.
Not Found: /myapp/sent_complaint_get/img/favicon.ico
Not Found: /myapp/view_reply_get/img/favicon.ico
Not Found: /myapp/file_upload_get/img/favicon.ico
Not Found: /myapp/user_view_uploaded_file_get/img/favicon.ico
Not Found: /myapp/user_view_forward_file_get/img/favicon.ico
Not Found: /
Not Found: /favicon.ico
Not Found: /myapp/index_get/img/favicon.ico
Not Found: /myapp/viewuser_get/img/favicon.ico
Not Found: /myapp/viewcomplaint_get/img/favicon.ico
Not Found: /myapp/admin_view_uploaded_file_get/img/favicon.ico
Not Found: /myapp/logs_get/img/favicon.ico
Not Found: /myapp/admin_file_upload_get/img/favicon.ico
Not Found: /myapp/change_password_get/img/favicon.ico
Not Found: /myapp/index_get2/img/favicon.ico
Not Found: /myapp/viewprofile_get/img/favicon.ico
Not Found: /myapp/edit_user_get/img/favicon.ico
Not Found: /myapp/view_other_user_get/img/favicon.ico
Not Found: /myapp/forward_file_get/img/favicon.ico
Not Found: /myapp/chat1/img/favicon.ico
Not Found: /myapp/sent_complaint_get/img/favicon.ico
Not Found: /myapp/view_reply_get/img/favicon.ico
Forbidden: /myapp/file_upload_get/
Not Found: /
Not Found: /favicon.ico
Not Found: /myapp/index_get/img/favicon.ico
Not Found: /myapp/viewuser_get/img/favicon.ico
Not Found: /myapp/viewcomplaint_get/img/favicon.ico
Not Found: /myapp/admin_file_upload_get/img/favicon.ico
Not Found: /myapp/admin_view_uploaded_file_get/img/favicon.ico
Not Found: /myapp/file_upload_get/img/favicon.ico
Not Found: /myapp/sent_complaint_get/img/favicon.ico
Not Found: /myapp/logs_get/img/favicon.ico
Not Found: /myapp/change_password_get/img/favicon.ico
Not Found: /myapp/index_get2/img/favicon.ico
Not Found: /myapp/viewprofile_get/img/favicon.ico
Not Found: /myapp/edit_user_get/img/favicon.ico
Not Found: /myapp/view_other_user_get/img/favicon.ico
Not Found: /myapp/forward_file_get/img/favicon.ico
Not Found: /myapp/chat1/img/favicon.ico
Not Found: /myapp/user_view_uploaded_file_get/img/favicon.ico
Not Found: /myapp/user_view_forward_file_get/img/favicon.ico
Not Found: /myapp/view_reply_get/img/favicon.ico
Internal Server Error: /myapp/user_view_forward_file_post/
Traceback (most recent call last):
  File "C:\Python312\Lib\site-packages\pyAesCrypt\crypto.py", line 259, in decryptFile
    decryptStream(fIn, fOut, passw, bufferSize)
  File "C:\Python312\Lib\site-packages\pyAesCrypt\crypto.py", line 356, in decryptStream
    raise ValueError("Wrong password (or file is corrupted).")
ValueError: Wrong password (or file is corrupted).

During handling of the above exception, another exception occurred:

Traceback (most recent call last):
  File "C:\Python312\Lib\site-packages\pyAesCrypt\crypto.py", line 263, in decryptFile
    raise ValueError(str(exd))
ValueError: Wrong password (or file is corrupted).

During handling of the above exception, another exception occurred:

Traceback (most recent call last):
  File "C:\Users\admin\PycharmProjects\cyber_camouflage\myapp\views.py", line 1216, in user_view_forward_file_post
    pyAesCrypt.decryptFile(encrypted_path, decrypted_path, password, buffer_size)
  File "C:\Python312\Lib\site-packages\pyAesCrypt\crypto.py", line 271, in decryptFile
    raise ValueError(str(exd))
ValueError: Wrong password (or file is corrupted).

During handling of the above exception, another exception occurred:

Traceback (most recent call last):
  File "C:\Python312\Lib\site-packages\django\core\handlers\exception.py", line 55, in inner
    response = get_response(request)
               ^^^^^^^^^^^^^^^^^^^^^
  File "C:\Python312\Lib\site-packages\django\core\handlers\base.py", line 197, in _get_response
    response = wrapped_callback(request, *callback_args, **callback_kwargs)
               ^^^^^^^^^^^^^^^^^^^^^^^^^^^^^^^^^^^^^^^^^^^^^^^^^^^^^^^^^^^^
  File "C:\Users\admin\PycharmProjects\cyber_camouflage\myapp\views.py", line 1220, in user_view_forward_file_post
    return render(request, 'userpages/user_view_forward_file.html', {"data": data})
           ^^^^^^^^^^^^^^^^^^^^^^^^^^^^^^^^^^^^^^^^^^^^^^^^^^^^^^^^^^^^^^^^^^^^^^^^
  File "C:\Python312\Lib\site-packages\django\shortcuts.py", line 25, in render
    content = loader.render_to_string(template_name, context, request, using=using)
              ^^^^^^^^^^^^^^^^^^^^^^^^^^^^^^^^^^^^^^^^^^^^^^^^^^^^^^^^^^^^^^^^^^^^^
  File "C:\Python312\Lib\site-packages\django\template\loader.py", line 62, in render_to_string
    return template.render(context, request)
           ^^^^^^^^^^^^^^^^^^^^^^^^^^^^^^^^^
  File "C:\Python312\Lib\site-packages\django\template\backends\django.py", line 107, in render
    return self.template.render(context)
           ^^^^^^^^^^^^^^^^^^^^^^^^^^^^^
  File "C:\Python312\Lib\site-packages\django\template\base.py", line 172, in render
    return self._render(context)
           ^^^^^^^^^^^^^^^^^^^^^
  File "C:\Python312\Lib\site-packages\django\template\base.py", line 164, in _render
    return self.nodelist.render(context)
           ^^^^^^^^^^^^^^^^^^^^^^^^^^^^^
  File "C:\Python312\Lib\site-packages\django\template\base.py", line 1018, in render
    return SafeString("".join([node.render_annotated(context) for node in self]))
                               ^^^^^^^^^^^^^^^^^^^^^^^^^^^^^^
  File "C:\Python312\Lib\site-packages\django\template\base.py", line 979, in render_annotated
    return self.render(context)
           ^^^^^^^^^^^^^^^^^^^^
  File "C:\Python312\Lib\site-packages\django\template\loader_tags.py", line 159, in render
    return compiled_parent._render(context)
           ^^^^^^^^^^^^^^^^^^^^^^^^^^^^^^^^
  File "C:\Python312\Lib\site-packages\django\template\base.py", line 164, in _render
    return self.nodelist.render(context)
           ^^^^^^^^^^^^^^^^^^^^^^^^^^^^^
  File "C:\Python312\Lib\site-packages\django\template\base.py", line 1018, in render
    return SafeString("".join([node.render_annotated(context) for node in self]))
                               ^^^^^^^^^^^^^^^^^^^^^^^^^^^^^^
  File "C:\Python312\Lib\site-packages\django\template\base.py", line 979, in render_annotated
    return self.render(context)
           ^^^^^^^^^^^^^^^^^^^^
  File "C:\Python312\Lib\site-packages\django\template\loader_tags.py", line 65, in render
    result = block.nodelist.render(context)
             ^^^^^^^^^^^^^^^^^^^^^^^^^^^^^^
  File "C:\Python312\Lib\site-packages\django\template\base.py", line 1018, in render
    return SafeString("".join([node.render_annotated(context) for node in self]))
                               ^^^^^^^^^^^^^^^^^^^^^^^^^^^^^^
  File "C:\Python312\Lib\site-packages\django\template\base.py", line 979, in render_annotated
    return self.render(context)
           ^^^^^^^^^^^^^^^^^^^^
  File "C:\Python312\Lib\site-packages\django\template\defaulttags.py", line 198, in render
    values = list(values)
             ^^^^^^^^^^^^
TypeError: 'Forward' object is not iterable
Forbidden: /myapp/login_get/
Not Found: /
Not Found: /favicon.ico
Not Found: /myapp/index_get2/img/favicon.ico
Not Found: /myapp/viewprofile_get/img/favicon.ico
Not Found: /myapp/view_other_user_get/img/favicon.ico
Not Found: /myapp/sent_complaint_get/img/favicon.ico
Not Found: /myapp/view_reply_get/img/favicon.ico
Not Found: /myapp/file_upload_get/img/favicon.ico
Not Found: /
Not Found: /favicon.ico
Not Found: /myapp/index_get/img/favicon.ico
Not Found: /myapp/viewuser_get/img/favicon.ico
Not Found: /myapp/viewcomplaint_get/img/favicon.ico
Not Found: /myapp/admin_view_uploaded_file_get/img/favicon.ico
Not Found: /myapp/admin_file_upload_get/img/favicon.ico
Not Found: /myapp/logs_get/img/favicon.ico
Not Found: /myapp/change_password_get/img/favicon.ico
Not Found: /
Not Found: /favicon.ico
Not Found: /myapp/index_get2/img/favicon.ico
Not Found: /myapp/viewprofile_get/img/favicon.ico
Not Found: /myapp/view_other_user_get/img/favicon.ico
Not Found: /myapp/chat1/img/favicon.ico
Forbidden: /myapp/chat_view/
Forbidden: /myapp/chat_send/hi
Forbidden: /myapp/chat_view/
Forbidden: /myapp/chat_view/
Forbidden: /myapp/chat_send/hi
Forbidden: /myapp/chat_view/
Forbidden: /myapp/chat_view/
Forbidden: /myapp/chat_view/
Forbidden: /myapp/chat_view/
Forbidden: /myapp/chat_view/
Forbidden: /myapp/chat_view/
Forbidden: /myapp/chat_view/
Forbidden: /myapp/chat_view/
Forbidden: /myapp/chat_view/
Forbidden: /myapp/chat_view/
Forbidden: /myapp/chat_view/
Forbidden: /myapp/chat_view/
Forbidden: /myapp/chat_view/
Forbidden: /myapp/chat_view/
Forbidden: /myapp/chat_view/
Forbidden: /myapp/chat_view/
Forbidden: /myapp/chat_view/
Forbidden: /myapp/chat_view/
Forbidden: /myapp/chat_view/
Forbidden: /myapp/chat_view/
Forbidden: /myapp/chat_view/
Forbidden: /myapp/chat_view/
Forbidden: /myapp/chat_view/
Forbidden: /myapp/chat_view/
Forbidden: /myapp/chat_view/
Forbidden: /myapp/chat_view/
Forbidden: /myapp/chat_view/
Forbidden: /myapp/chat_view/
Forbidden: /myapp/chat_view/
Forbidden: /myapp/chat_view/
Forbidden: /myapp/chat_view/
Forbidden: /myapp/chat_view/
Forbidden: /myapp/chat_view/
Forbidden: /myapp/chat_view/
Forbidden: /myapp/chat_view/
Forbidden: /myapp/chat_view/
Forbidden: /myapp/chat_view/
Forbidden: /myapp/chat_view/
Forbidden: /myapp/chat_view/
Not Found: /
Not Found: /myapp/forward_file_get/img/favicon.ico
Internal Server Error: /myapp/chat_send/chh
Traceback (most recent call last):
  File "C:\Python312\Lib\site-packages\django\core\handlers\exception.py", line 55, in inner
    response = get_response(request)
               ^^^^^^^^^^^^^^^^^^^^^
  File "C:\Python312\Lib\site-packages\django\core\handlers\base.py", line 197, in _get_response
    response = wrapped_callback(request, *callback_args, **callback_kwargs)
               ^^^^^^^^^^^^^^^^^^^^^^^^^^^^^^^^^^^^^^^^^^^^^^^^^^^^^^^^^^^^
  File "C:\Users\admin\PycharmProjects\cyber_camouflage\myapp\views.py", line 1562, in chat_send
    encrypted_msg = encrypt_message(msg)
                    ^^^^^^^^^^^^^^^^^^^^
  File "C:\Users\admin\PycharmProjects\cyber_camouflage\myapp\views.py", line 1461, in encrypt_message
    aesgcm = AESGCM(AES_KEY)
             ^^^^^^^^^^^^^^^
ValueError: AESGCM key must be 128, 192, or 256 bits.
Internal Server Error: /myapp/chat_send/chh
Traceback (most recent call last):
  File "C:\Python312\Lib\site-packages\django\core\handlers\exception.py", line 55, in inner
    response = get_response(request)
               ^^^^^^^^^^^^^^^^^^^^^
  File "C:\Python312\Lib\site-packages\django\core\handlers\base.py", line 197, in _get_response
    response = wrapped_callback(request, *callback_args, **callback_kwargs)
               ^^^^^^^^^^^^^^^^^^^^^^^^^^^^^^^^^^^^^^^^^^^^^^^^^^^^^^^^^^^^
  File "C:\Users\admin\PycharmProjects\cyber_camouflage\myapp\views.py", line 1562, in chat_send
    encrypted_msg = encrypt_message(msg)
                    ^^^^^^^^^^^^^^^^^^^^
  File "C:\Users\admin\PycharmProjects\cyber_camouflage\myapp\views.py", line 1461, in encrypt_message
    aesgcm = AESGCM(AES_KEY)
             ^^^^^^^^^^^^^^^
ValueError: AESGCM key must be 128, 192, or 256 bits.
Internal Server Error: /myapp/chat_send/chh
Traceback (most recent call last):
  File "C:\Python312\Lib\site-packages\django\core\handlers\exception.py", line 55, in inner
    response = get_response(request)
               ^^^^^^^^^^^^^^^^^^^^^
  File "C:\Python312\Lib\site-packages\django\core\handlers\base.py", line 197, in _get_response
    response = wrapped_callback(request, *callback_args, **callback_kwargs)
               ^^^^^^^^^^^^^^^^^^^^^^^^^^^^^^^^^^^^^^^^^^^^^^^^^^^^^^^^^^^^
  File "C:\Users\admin\PycharmProjects\cyber_camouflage\myapp\views.py", line 1562, in chat_send
    encrypted_msg = encrypt_message(msg)
                    ^^^^^^^^^^^^^^^^^^^^
  File "C:\Users\admin\PycharmProjects\cyber_camouflage\myapp\views.py", line 1461, in encrypt_message
    aesgcm = AESGCM(AES_KEY)
             ^^^^^^^^^^^^^^^
ValueError: AESGCM key must be 128, 192, or 256 bits.
Internal Server Error: /myapp/chat_send/chh
Traceback (most recent call last):
  File "C:\Python312\Lib\site-packages\django\core\handlers\exception.py", line 55, in inner
    response = get_response(request)
               ^^^^^^^^^^^^^^^^^^^^^
  File "C:\Python312\Lib\site-packages\django\core\handlers\base.py", line 197, in _get_response
    response = wrapped_callback(request, *callback_args, **callback_kwargs)
               ^^^^^^^^^^^^^^^^^^^^^^^^^^^^^^^^^^^^^^^^^^^^^^^^^^^^^^^^^^^^
  File "C:\Users\admin\PycharmProjects\cyber_camouflage\myapp\views.py", line 1562, in chat_send
    encrypted_msg = encrypt_message(msg)
                    ^^^^^^^^^^^^^^^^^^^^
  File "C:\Users\admin\PycharmProjects\cyber_camouflage\myapp\views.py", line 1461, in encrypt_message
    aesgcm = AESGCM(AES_KEY)
             ^^^^^^^^^^^^^^^
ValueError: AESGCM key must be 128, 192, or 256 bits.
Forbidden: /myapp/chat_send/chh
Forbidden: /myapp/chat_send/chh
Forbidden: /myapp/chat_send/chh
Forbidden: /myapp/chat_view/
Forbidden: /myapp/chat_view/
Forbidden: /myapp/chat_view/
Forbidden: /myapp/chat_view/
Forbidden: /myapp/chat_send/chh
Forbidden: /myapp/chat_view/
Forbidden: /myapp/chat_view/
Forbidden: /myapp/chat_view/
Forbidden: /myapp/chat_view/
Forbidden: /myapp/chat_view/
Forbidden: /myapp/chat_view/
Forbidden: /myapp/chat_view/
Forbidden: /myapp/chat_view/
Forbidden: /myapp/chat_view/
Forbidden: /myapp/chat_view/
Forbidden: /myapp/chat_view/
Forbidden: /myapp/chat_view/
Forbidden: /myapp/chat_view/
Forbidden: /myapp/chat_view/
Forbidden: /myapp/chat_view/
Forbidden: /myapp/chat_view/
Forbidden: /myapp/chat_view/
Forbidden: /myapp/chat_view/
Forbidden: /myapp/chat_view/
Forbidden: /myapp/chat_view/
Forbidden: /myapp/chat_view/
Forbidden: /myapp/chat_view/
Forbidden: /myapp/chat_view/
Forbidden: /myapp/chat_view/
Forbidden: /myapp/chat_view/
Forbidden: /myapp/chat_view/
Forbidden: /myapp/chat_view/
Forbidden: /myapp/chat_view/
Forbidden: /myapp/chat_view/
Forbidden: /myapp/chat_view/
Forbidden: /myapp/chat_view/
Forbidden: /myapp/chat_view/
Forbidden: /myapp/chat_view/
Forbidden: /myapp/chat_view/
Forbidden: /myapp/chat_view/
Forbidden: /myapp/chat_view/
Forbidden: /myapp/chat_view/
Forbidden: /myapp/chat_view/
Forbidden: /myapp/chat_view/
Forbidden: /myapp/chat_view/
Forbidden: /myapp/chat_view/
Forbidden: /myapp/chat_view/
Forbidden: /myapp/chat_view/
Forbidden: /myapp/chat_view/
Forbidden: /myapp/chat_view/
Forbidden: /myapp/chat_view/
Forbidden: /myapp/chat_view/
Forbidden: /myapp/chat_view/
Forbidden: /myapp/chat_view/
Forbidden: /myapp/chat_view/
Forbidden: /myapp/chat_view/
Forbidden: /myapp/chat_view/
Forbidden: /myapp/chat_view/
Forbidden: /myapp/chat_view/
Forbidden: /myapp/chat_view/
Forbidden: /myapp/chat_view/
Forbidden: /myapp/chat_view/
Forbidden: /myapp/chat_view/
Forbidden: /myapp/chat_view/
Forbidden: /myapp/chat_view/
Forbidden: /myapp/chat_view/
Forbidden: /myapp/chat_view/
Forbidden: /myapp/chat_view/
Forbidden: /myapp/chat_view/
Forbidden: /myapp/chat_view/
Forbidden: /myapp/chat_view/
Forbidden: /myapp/chat_view/
Forbidden: /myapp/chat_view/
Forbidden: /myapp/chat_view/
Forbidden: /myapp/chat_view/
Forbidden: /myapp/chat_view/
Forbidden: /myapp/chat_view/
Forbidden: /myapp/chat_view/
Forbidden: /myapp/chat_view/
Forbidden: /myapp/chat_view/
Forbidden: /myapp/chat_view/
Forbidden: /myapp/chat_view/
Forbidden: /myapp/chat_view/
Forbidden: /myapp/chat_view/
Forbidden: /myapp/chat_view/
Forbidden: /myapp/chat_view/
Forbidden: /myapp/chat_view/
Forbidden: /myapp/chat_view/
Forbidden: /myapp/chat_view/
Forbidden: /myapp/chat_view/
Forbidden: /myapp/chat_view/
Forbidden: /myapp/chat_view/
Forbidden: /myapp/chat_view/
Forbidden: /myapp/chat_view/
Forbidden: /myapp/chat_view/
Forbidden: /myapp/chat_view/
Forbidden: /myapp/chat_view/
Forbidden: /myapp/chat_view/
Forbidden: /myapp/chat_view/
Forbidden: /myapp/chat_view/
Forbidden: /myapp/chat_view/
Forbidden: /myapp/chat_view/
Forbidden: /myapp/chat_view/
Forbidden: /myapp/chat_view/
Forbidden: /myapp/chat_view/
Forbidden: /myapp/chat_view/
Forbidden: /myapp/chat_view/
Forbidden: /myapp/chat_view/
Forbidden: /myapp/chat_view/
Forbidden: /myapp/chat_view/
Forbidden: /myapp/chat_view/
Forbidden: /myapp/chat_view/
Forbidden: /myapp/chat_view/
Forbidden: /myapp/chat_view/
Forbidden: /myapp/chat_view/
Forbidden: /myapp/chat_view/
Forbidden: /myapp/chat_view/
Forbidden: /myapp/chat_view/
Forbidden: /myapp/chat_view/
Forbidden: /myapp/chat_view/
Forbidden: /myapp/chat_view/
Forbidden: /myapp/chat_view/
Forbidden: /myapp/chat_view/
Forbidden: /myapp/chat_view/
Forbidden: /myapp/chat_view/
Forbidden: /myapp/chat_view/
Forbidden: /myapp/chat_view/
Forbidden: /myapp/chat_send/chh
Forbidden: /myapp/chat_view/
Forbidden: /myapp/chat_view/
Forbidden: /myapp/chat_view/
Forbidden: /myapp/chat_view/
Forbidden: /myapp/chat_view/
Forbidden: /myapp/chat_view/
Forbidden: /myapp/chat_view/
Forbidden: /myapp/chat_view/
Forbidden: /myapp/chat_view/
Forbidden: /myapp/chat_view/
Forbidden: /myapp/chat_view/
Forbidden: /myapp/chat_view/
Forbidden: /myapp/chat_view/
Forbidden: /myapp/chat_view/
Forbidden: /myapp/chat_view/
Forbidden: /myapp/chat_view/
Forbidden: /myapp/chat_view/
Forbidden: /myapp/chat_view/
Forbidden: /myapp/chat_view/
Forbidden: /myapp/chat_view/
Forbidden: /myapp/chat_view/
Forbidden: /myapp/chat_view/
Forbidden: /myapp/chat_view/
Forbidden: /myapp/chat_view/
Forbidden: /myapp/chat_view/
Forbidden: /myapp/chat_view/
Forbidden: /myapp/chat_view/
Forbidden: /myapp/chat_view/
Forbidden: /myapp/chat_view/
Forbidden: /myapp/chat_view/
Forbidden: /myapp/chat_view/
Forbidden: /myapp/chat_view/
Forbidden: /myapp/chat_view/
Forbidden: /myapp/chat_view/
Forbidden: /myapp/chat_view/
Forbidden: /myapp/chat_view/
Forbidden: /myapp/chat_view/
Forbidden: /myapp/chat_view/
Forbidden: /myapp/chat_view/
Forbidden: /myapp/chat_view/
Forbidden: /myapp/chat_view/
Forbidden: /myapp/chat_view/
Forbidden: /myapp/chat_view/
Forbidden: /myapp/chat_view/
Forbidden: /myapp/chat_view/
Forbidden: /myapp/chat_view/
Forbidden: /myapp/chat_view/
Forbidden: /myapp/chat_view/
Forbidden: /myapp/chat_view/
Forbidden: /myapp/chat_view/
Forbidden: /myapp/chat_view/
Forbidden: /myapp/chat_view/
Forbidden: /myapp/chat_view/
Forbidden: /myapp/chat_view/
Forbidden: /myapp/chat_view/
Forbidden: /myapp/chat_view/
Forbidden: /myapp/chat_view/
Forbidden: /myapp/chat_view/
Forbidden: /myapp/chat_view/
Forbidden: /myapp/chat_view/
Forbidden: /myapp/chat_view/
Forbidden: /myapp/chat_view/
Forbidden: /myapp/chat_view/
Forbidden: /myapp/chat_view/
Forbidden: /myapp/chat_view/
Forbidden: /myapp/chat_view/
Forbidden: /myapp/chat_view/
Not Found: /
Forbidden: /myapp/chat_send/asd
Forbidden: /myapp/chat_view/
Forbidden: /myapp/chat_view/
Forbidden: /myapp/chat_view/
Forbidden: /myapp/chat_view/
Forbidden: /myapp/chat_view/
Forbidden: /myapp/chat_view/
Forbidden: /myapp/chat_view/
Forbidden: /myapp/chat_view/
Forbidden: /myapp/chat_view/
Forbidden: /myapp/chat_send/hlo
Forbidden: /myapp/chat_view/
Forbidden: /myapp/chat_view/
Forbidden: /myapp/chat_view/
Forbidden: /myapp/chat_send/hlo
Forbidden: /myapp/chat_send/hlo
Forbidden: /myapp/chat_view/
Forbidden: /myapp/chat_send/hlo
Forbidden: /myapp/chat_send/hlo
Forbidden: /myapp/chat_send/hlo
Forbidden: /myapp/chat_view/
Forbidden: /myapp/chat_view/
Forbidden: /myapp/chat_view/
Forbidden: /myapp/chat_view/
Forbidden: /myapp/chat_view/
Forbidden: /myapp/chat_view/
Forbidden: /myapp/chat_view/
Forbidden: /myapp/chat_view/
Forbidden: /myapp/chat_view/
Forbidden: /myapp/chat_view/
Forbidden: /myapp/chat_send/hlo
Forbidden: /myapp/chat_send/hlo
Forbidden: /myapp/chat_view/
Forbidden: /myapp/chat_send/hlo
Forbidden: /myapp/chat_send/hlo
Forbidden: /myapp/chat_view/
Forbidden: /myapp/chat_view/
Forbidden: /myapp/chat_view/
Forbidden: /myapp/chat_view/
Forbidden: /myapp/chat_view/
Forbidden: /myapp/chat_view/
Forbidden: /myapp/chat_view/
Forbidden: /myapp/chat_send/hlo
Forbidden: /myapp/chat_view/
Forbidden: /myapp/chat_view/
Forbidden: /myapp/chat_view/
Forbidden: /myapp/chat_send/hlo
Forbidden: /myapp/chat_send/hlo
Forbidden: /myapp/chat_view/
Forbidden: /myapp/chat_view/
Forbidden: /myapp/chat_view/
Forbidden: /myapp/chat_view/
Forbidden: /myapp/chat_view/
Forbidden: /myapp/chat_view/
Forbidden: /myapp/chat_view/
Forbidden: /myapp/chat_view/
Forbidden: /myapp/chat_send/swear
Forbidden: /myapp/chat_view/
Forbidden: /myapp/chat_view/
Forbidden: /myapp/chat_view/
Forbidden: /myapp/chat_view/
Forbidden: /myapp/chat_view/
Forbidden: /myapp/chat_view/
Forbidden: /myapp/chat_view/
Forbidden: /myapp/chat_view/
Forbidden: /myapp/chat_view/
Forbidden: /myapp/chat_view/
Forbidden: /myapp/chat_view/
Forbidden: /myapp/chat_view/
Forbidden: /myapp/chat_view/
Forbidden: /myapp/chat_view/
Forbidden: /myapp/chat_view/
Forbidden: /myapp/chat_view/
Forbidden: /myapp/chat_view/
Forbidden: /myapp/chat_view/
Forbidden: /myapp/chat_view/
Forbidden: /myapp/chat_view/
Forbidden: /myapp/chat_view/
Forbidden: /myapp/chat_view/
Forbidden: /myapp/chat_view/
Forbidden: /myapp/chat_view/
Forbidden: /myapp/chat_view/
Forbidden: /myapp/chat_view/
Forbidden: /myapp/chat_view/
Forbidden: /myapp/chat_view/
Forbidden: /myapp/chat_view/
Forbidden: /myapp/chat_view/
Forbidden: /myapp/chat_send/swear
Forbidden: /myapp/chat_send/swear
Forbidden: /myapp/chat_send/swear
Forbidden: /myapp/chat_view/
Forbidden: /myapp/chat_view/
Forbidden: /myapp/chat_view/
Forbidden: /myapp/chat_view/
Forbidden: /myapp/chat_view/
Forbidden: /myapp/chat_view/
Forbidden: /myapp/chat_view/
Forbidden: /myapp/chat_view/
Forbidden: /myapp/chat_view/
Forbidden: /myapp/chat_view/
Forbidden: /myapp/chat_view/
Forbidden: /myapp/chat_view/
Forbidden: /myapp/chat_view/
Forbidden: /myapp/chat_view/
Forbidden: /myapp/chat_view/
Forbidden: /myapp/chat_view/
Forbidden: /myapp/chat_view/
Forbidden: /myapp/chat_view/
Forbidden: /myapp/chat_view/
Forbidden: /myapp/chat_view/
Forbidden: /myapp/chat_view/
Forbidden: /myapp/chat_view/
Forbidden: /myapp/chat_view/
Forbidden: /myapp/chat_view/
Forbidden: /myapp/chat_view/
Forbidden: /myapp/chat_view/
Forbidden: /myapp/chat_view/
Forbidden: /myapp/chat_view/
Forbidden: /myapp/chat_view/
Forbidden: /myapp/chat_view/
Forbidden: /myapp/chat_view/
Forbidden: /myapp/chat_view/
Forbidden: /myapp/chat_view/
Forbidden: /myapp/chat_view/
Forbidden: /myapp/chat_view/
Forbidden: /myapp/chat_view/
Forbidden: /myapp/chat_view/
Forbidden: /myapp/chat_view/
Forbidden: /myapp/chat_view/
Forbidden: /myapp/chat_view/
Forbidden: /myapp/chat_view/
Forbidden: /myapp/chat_view/
Forbidden: /myapp/chat_send/swear
Forbidden: /myapp/chat_view/
Forbidden: /myapp/chat_view/
Forbidden: /myapp/chat_view/
Forbidden: /myapp/chat_view/
Forbidden: /myapp/chat_view/
Forbidden: /myapp/chat_view/
Forbidden: /myapp/chat_view/
Forbidden: /myapp/chat_view/
Forbidden: /myapp/chat_view/
Forbidden: /myapp/chat_view/
Forbidden: /myapp/chat_view/
Forbidden: /myapp/chat_view/
Forbidden: /myapp/chat_view/
Forbidden: /myapp/chat_view/
Forbidden: /myapp/chat_view/
Forbidden: /myapp/chat_view/
Forbidden: /myapp/chat_view/
Forbidden: /myapp/chat_view/
Forbidden: /myapp/chat_view/
Forbidden: /myapp/chat_view/
Forbidden: /myapp/chat_view/
Forbidden: /myapp/chat_view/
Forbidden: /myapp/chat_view/
Forbidden: /myapp/chat_view/
Forbidden: /myapp/chat_view/
Forbidden: /myapp/chat_view/
Forbidden: /myapp/chat_view/
Forbidden: /myapp/chat_view/
Forbidden: /myapp/chat_view/
Forbidden: /myapp/chat_view/
Forbidden: /myapp/chat_view/
Forbidden: /myapp/chat_view/
Forbidden: /myapp/chat_view/
Forbidden: /myapp/chat_view/
Forbidden: /myapp/chat_view/
Forbidden: /myapp/chat_view/
Not Found: /
Forbidden: /myapp/view_other_user_get/
Not Found: /
Forbidden: /myapp/chat_view/
Forbidden: /myapp/chat_view/
Forbidden: /myapp/chat_view/
Forbidden: /myapp/chat_view/
Forbidden: /myapp/chat_view/
Forbidden: /myapp/chat_view/
Forbidden: /myapp/chat_view/
Forbidden: /myapp/chat_view/
Forbidden: /myapp/chat_view/
Forbidden: /myapp/chat_view/
Forbidden: /myapp/chat_view/
Forbidden: /myapp/chat_view/
Forbidden: /myapp/chat_send/wh
Forbidden: /myapp/chat_view/
Forbidden: /myapp/chat_view/
Forbidden: /myapp/chat_view/
Forbidden: /myapp/chat_view/
Forbidden: /myapp/chat_view/
Forbidden: /myapp/chat_view/
Forbidden: /myapp/chat_view/
Forbidden: /myapp/chat_view/
Forbidden: /myapp/chat_view/
Forbidden: /myapp/chat_view/
Forbidden: /myapp/chat_view/
Forbidden: /myapp/chat_view/
Forbidden: /myapp/chat_view/
Forbidden: /myapp/chat_view/
Forbidden: /myapp/chat_view/
Forbidden: /myapp/chat_view/
Forbidden: /myapp/chat_view/
Forbidden: /myapp/chat_view/
Forbidden: /myapp/chat_view/
Forbidden: /myapp/chat_view/
Forbidden: /myapp/chat_view/
Forbidden: /myapp/chat_view/
Forbidden: /myapp/chat_send/hi
Forbidden: /myapp/chat_view/
Forbidden: /myapp/chat_send/hi
Forbidden: /myapp/chat_send/hi
Forbidden: /myapp/chat_send/hi
Forbidden: /myapp/chat_send/hi
Forbidden: /myapp/chat_view/
Forbidden: /myapp/chat_view/
Forbidden: /myapp/chat_view/
Forbidden: /myapp/chat_view/
Forbidden: /myapp/chat_view/
Forbidden: /myapp/chat_view/
Forbidden: /myapp/chat_view/
Forbidden: /myapp/chat_view/
Forbidden: /myapp/chat_view/
Forbidden: /myapp/chat_view/
Forbidden: /myapp/chat_view/
Forbidden: /myapp/chat_view/
Forbidden: /myapp/chat_view/
Forbidden: /myapp/chat_view/
Forbidden: /myapp/chat_view/
Forbidden: /myapp/chat_view/
Forbidden: /myapp/chat_view/
Forbidden: /myapp/chat_view/
Forbidden: /myapp/chat_view/
Forbidden: /myapp/chat_view/
Forbidden: /myapp/chat_view/
Forbidden: /myapp/chat_view/
Forbidden: /myapp/chat_view/
Forbidden: /myapp/chat_view/
Forbidden: /myapp/chat_view/
Forbidden: /myapp/chat_view/
Forbidden: /myapp/chat_view/
Forbidden: /myapp/chat_view/
Forbidden: /myapp/chat_view/
Forbidden: /myapp/chat_view/
Forbidden: /myapp/chat_view/
Forbidden: /myapp/chat_view/
Forbidden: /myapp/chat_view/
Forbidden: /myapp/chat_view/
Forbidden: /myapp/chat_view/
Forbidden: /myapp/chat_view/
Forbidden: /myapp/chat_view/
Forbidden: /myapp/chat_view/
Forbidden: /myapp/chat_view/
Forbidden: /myapp/chat_view/
Forbidden: /myapp/chat_view/
Forbidden: /myapp/chat_view/
Forbidden: /myapp/chat_view/
Forbidden: /myapp/chat_view/
Forbidden: /myapp/chat_view/
Forbidden: /myapp/chat_view/
Forbidden: /myapp/chat_view/
Forbidden: /myapp/chat_view/
Forbidden: /myapp/chat_view/
Forbidden: /myapp/chat_view/
Forbidden: /myapp/chat_view/
Forbidden: /myapp/chat_view/
Forbidden: /myapp/chat_view/
Forbidden: /myapp/chat_view/
Forbidden: /myapp/chat_view/
Forbidden: /myapp/chat_view/
Forbidden: /myapp/chat_view/
Forbidden: /myapp/chat_view/
Forbidden: /myapp/chat_view/
Forbidden: /myapp/chat_view/
Forbidden: /myapp/chat_view/
Forbidden: /myapp/chat_view/
Forbidden: /myapp/chat_view/
Forbidden: /myapp/chat_view/
Forbidden: /myapp/chat_view/
Forbidden: /myapp/chat_send/hi
Forbidden: /myapp/chat_send/hi
Forbidden: /myapp/chat_view/
Forbidden: /myapp/chat_view/
Forbidden: /myapp/chat_view/
Forbidden: /myapp/chat_view/
Forbidden: /myapp/chat_view/
Forbidden: /myapp/chat_view/
Forbidden: /myapp/chat_view/
Forbidden: /myapp/chat_view/
Forbidden: /myapp/chat_view/
Forbidden: /myapp/chat_view/
Forbidden: /myapp/chat_view/
Forbidden: /myapp/chat_view/
Forbidden: /myapp/chat_view/
Forbidden: /myapp/chat_view/
Forbidden: /myapp/chat_view/
Forbidden: /myapp/chat_view/
Forbidden: /myapp/chat_view/
Forbidden: /myapp/chat_view/
Forbidden: /myapp/chat_view/
Forbidden: /myapp/chat_view/
Forbidden: /myapp/chat_view/
Forbidden: /myapp/chat_view/
Forbidden: /myapp/chat_view/
Forbidden: /myapp/chat_view/
Forbidden: /myapp/chat_view/
Forbidden: /myapp/chat_view/
Forbidden: /myapp/chat_view/
Forbidden: /myapp/chat_view/
Forbidden: /myapp/chat_view/
Forbidden: /myapp/chat_view/
Forbidden: /myapp/chat_view/
Forbidden: /myapp/chat_view/
Forbidden: /myapp/chat_view/
Forbidden: /myapp/chat_view/
Forbidden: /myapp/chat_view/
Forbidden: /myapp/chat_view/
Forbidden: /myapp/chat_view/
Forbidden: /myapp/chat_view/
Forbidden: /myapp/chat_view/
Forbidden: /myapp/chat_view/
Forbidden: /myapp/chat_view/
Forbidden: /myapp/chat_view/
Forbidden: /myapp/chat_view/
Forbidden: /myapp/chat_view/
Forbidden: /myapp/chat_view/
Forbidden: /myapp/chat_view/
Forbidden: /myapp/chat_view/
Forbidden: /myapp/chat_view/
Forbidden: /myapp/chat_view/
Forbidden: /myapp/chat_view/
Forbidden: /myapp/chat_view/
Forbidden: /myapp/chat_view/
Forbidden: /myapp/chat_view/
Forbidden: /myapp/chat_view/
Forbidden: /myapp/chat_view/
Forbidden: /myapp/chat_view/
Forbidden: /myapp/chat_view/
Forbidden: /myapp/chat_view/
Forbidden: /myapp/chat_view/
Forbidden: /myapp/chat_view/
Forbidden: /myapp/chat_view/
Forbidden: /myapp/chat_view/
Forbidden: /myapp/chat_view/
Forbidden: /myapp/chat_view/
Forbidden: /myapp/chat_view/
Forbidden: /myapp/chat_view/
Forbidden: /myapp/chat_view/
Forbidden: /myapp/chat_view/
Forbidden: /myapp/chat_view/
Forbidden: /myapp/chat_view/
Forbidden: /myapp/chat_view/
Forbidden: /myapp/chat_view/
Forbidden: /myapp/chat_view/
Forbidden: /myapp/chat_view/
Forbidden: /myapp/chat_view/
Forbidden: /myapp/chat_view/
Forbidden: /myapp/chat_view/
Forbidden: /myapp/chat_view/
Forbidden: /myapp/chat_view/
Forbidden: /myapp/chat_view/
Forbidden: /myapp/chat_view/
Forbidden: /myapp/chat_view/
Forbidden: /myapp/chat_view/
Forbidden: /myapp/chat_view/
Forbidden: /myapp/chat_view/
Forbidden: /myapp/chat_view/
Forbidden: /myapp/chat_view/
Forbidden: /myapp/chat_view/
Forbidden: /myapp/chat_view/
Forbidden: /myapp/chat_view/
Forbidden: /myapp/chat_view/
Forbidden: /myapp/chat_view/
Forbidden: /myapp/chat_view/
Forbidden: /myapp/chat_view/
Forbidden: /myapp/chat_view/
Forbidden: /myapp/chat_view/
Forbidden: /myapp/chat_view/
Forbidden: /myapp/chat_view/
Forbidden: /myapp/chat_view/
Forbidden: /myapp/chat_view/
Forbidden: /myapp/chat_view/
Forbidden: /myapp/chat_view/
Forbidden: /myapp/chat_view/
Not Found: /
Internal Server Error: /myapp/chat_send/hi
Traceback (most recent call last):
  File "C:\Python312\Lib\site-packages\django\core\handlers\exception.py", line 55, in inner
    response = get_response(request)
               ^^^^^^^^^^^^^^^^^^^^^
  File "C:\Python312\Lib\site-packages\django\core\handlers\base.py", line 197, in _get_response
    response = wrapped_callback(request, *callback_args, **callback_kwargs)
               ^^^^^^^^^^^^^^^^^^^^^^^^^^^^^^^^^^^^^^^^^^^^^^^^^^^^^^^^^^^^
  File "C:\Python312\Lib\site-packages\django\views\decorators\csrf.py", line 65, in _view_wrapper
    return view_func(request, *args, **kwargs)
           ^^^^^^^^^^^^^^^^^^^^^^^^^^^^^^^^^^^
TypeError: chat_send() got an unexpected keyword argument 'msg'
Internal Server Error: /myapp/chat_send/hi
Traceback (most recent call last):
  File "C:\Python312\Lib\site-packages\django\core\handlers\exception.py", line 55, in inner
    response = get_response(request)
               ^^^^^^^^^^^^^^^^^^^^^
  File "C:\Python312\Lib\site-packages\django\core\handlers\base.py", line 197, in _get_response
    response = wrapped_callback(request, *callback_args, **callback_kwargs)
               ^^^^^^^^^^^^^^^^^^^^^^^^^^^^^^^^^^^^^^^^^^^^^^^^^^^^^^^^^^^^
  File "C:\Python312\Lib\site-packages\django\views\decorators\csrf.py", line 65, in _view_wrapper
    return view_func(request, *args, **kwargs)
           ^^^^^^^^^^^^^^^^^^^^^^^^^^^^^^^^^^^
TypeError: chat_send() got an unexpected keyword argument 'msg'
Internal Server Error: /myapp/chat_send/hi
Traceback (most recent call last):
  File "C:\Python312\Lib\site-packages\django\core\handlers\exception.py", line 55, in inner
    response = get_response(request)
               ^^^^^^^^^^^^^^^^^^^^^
  File "C:\Python312\Lib\site-packages\django\core\handlers\base.py", line 197, in _get_response
    response = wrapped_callback(request, *callback_args, **callback_kwargs)
               ^^^^^^^^^^^^^^^^^^^^^^^^^^^^^^^^^^^^^^^^^^^^^^^^^^^^^^^^^^^^
  File "C:\Python312\Lib\site-packages\django\views\decorators\csrf.py", line 65, in _view_wrapper
    return view_func(request, *args, **kwargs)
           ^^^^^^^^^^^^^^^^^^^^^^^^^^^^^^^^^^^
TypeError: chat_send() got an unexpected keyword argument 'msg'
Forbidden: /myapp/chat_view/
Forbidden: /myapp/chat_view/
Forbidden: /myapp/chat_view/
Forbidden: /myapp/chat_view/
Forbidden: /myapp/chat_view/
Forbidden: /myapp/chat_view/
Forbidden: /myapp/view_other_user_get/
Forbidden: /myapp/chat_view/
Forbidden: /myapp/chat_view/
Forbidden: /myapp/chat_view/
Forbidden: /myapp/chat_view/
Forbidden: /myapp/chat_view/
Forbidden: /myapp/chat1/18
Not Found: /
Internal Server Error: /myapp/chat_send/hi
Traceback (most recent call last):
  File "C:\Python312\Lib\site-packages\django\core\handlers\exception.py", line 55, in inner
    response = get_response(request)
               ^^^^^^^^^^^^^^^^^^^^^
  File "C:\Python312\Lib\site-packages\django\core\handlers\base.py", line 197, in _get_response
    response = wrapped_callback(request, *callback_args, **callback_kwargs)
               ^^^^^^^^^^^^^^^^^^^^^^^^^^^^^^^^^^^^^^^^^^^^^^^^^^^^^^^^^^^^
  File "C:\Python312\Lib\site-packages\django\views\decorators\csrf.py", line 65, in _view_wrapper
    return view_func(request, *args, **kwargs)
           ^^^^^^^^^^^^^^^^^^^^^^^^^^^^^^^^^^^
TypeError: chat_send() got an unexpected keyword argument 'msg'
Internal Server Error: /myapp/chat_send/hi
Traceback (most recent call last):
  File "C:\Python312\Lib\site-packages\django\core\handlers\exception.py", line 55, in inner
    response = get_response(request)
               ^^^^^^^^^^^^^^^^^^^^^
  File "C:\Python312\Lib\site-packages\django\core\handlers\base.py", line 197, in _get_response
    response = wrapped_callback(request, *callback_args, **callback_kwargs)
               ^^^^^^^^^^^^^^^^^^^^^^^^^^^^^^^^^^^^^^^^^^^^^^^^^^^^^^^^^^^^
  File "C:\Python312\Lib\site-packages\django\views\decorators\csrf.py", line 65, in _view_wrapper
    return view_func(request, *args, **kwargs)
           ^^^^^^^^^^^^^^^^^^^^^^^^^^^^^^^^^^^
TypeError: chat_send() got an unexpected keyword argument 'msg'
Internal Server Error: /myapp/chat_send/hi
Traceback (most recent call last):
  File "C:\Python312\Lib\site-packages\django\core\handlers\exception.py", line 55, in inner
    response = get_response(request)
               ^^^^^^^^^^^^^^^^^^^^^
  File "C:\Python312\Lib\site-packages\django\core\handlers\base.py", line 197, in _get_response
    response = wrapped_callback(request, *callback_args, **callback_kwargs)
               ^^^^^^^^^^^^^^^^^^^^^^^^^^^^^^^^^^^^^^^^^^^^^^^^^^^^^^^^^^^^
  File "C:\Python312\Lib\site-packages\django\views\decorators\csrf.py", line 65, in _view_wrapper
    return view_func(request, *args, **kwargs)
           ^^^^^^^^^^^^^^^^^^^^^^^^^^^^^^^^^^^
TypeError: chat_send() got an unexpected keyword argument 'msg'
Forbidden: /myapp/user_change_password_get/img/favicon.ico
Forbidden: /myapp/logout_get/
Forbidden: /myapp/user_change_password_get/img/favicon.ico
Forbidden: /myapp/view_other_user_get/
Forbidden: /
Not Found: /
Forbidden: /myapp/chat_view/
Forbidden: /myapp/chat_view/
Forbidden: /myapp/chat_view/
Forbidden: /myapp/chat_view/
Forbidden: /myapp/chat_view/
Forbidden: /myapp/chat_view/
Forbidden: /myapp/chat_view/
Forbidden: /myapp/chat_view/
Forbidden: /myapp/chat_send/how are yu
Forbidden: /myapp/chat_view/
Forbidden: /myapp/chat_view/
Forbidden: /myapp/chat_view/
Forbidden: /myapp/chat_view/
Forbidden: /myapp/chat_view/
Forbidden: /myapp/logout_get/
Not Found: /
Forbidden: /myapp/chat_view/
Forbidden: /myapp/chat_view/
Forbidden: /myapp/chat_view/
Forbidden: /myapp/chat_send/qwer
Forbidden: /myapp/chat_view/
Forbidden: /myapp/chat_view/
Forbidden: /myapp/chat_send/qwer
Forbidden: /myapp/chat_view/
Forbidden: /myapp/chat_view/
Forbidden: /myapp/chat_send/qwer
Forbidden: /myapp/chat_send/qwer
Forbidden: /myapp/chat_send/qwer
Forbidden: /myapp/chat_send/qwer
Forbidden: /myapp/chat_send/qwer
Forbidden: /myapp/chat_view/
Forbidden: /myapp/chat_view/
Forbidden: /myapp/chat_send/qwer
Forbidden: /myapp/chat_send/qwer
Forbidden: /myapp/chat_view/
Forbidden: /myapp/chat_view/
Forbidden: /myapp/chat_view/
Forbidden: /myapp/chat_view/
Forbidden: /myapp/chat_view/
Forbidden: /myapp/chat_view/
Forbidden: /myapp/chat_view/
Forbidden: /myapp/chat_view/
Forbidden: /myapp/chat_view/
Forbidden: /myapp/chat_view/
Forbidden: /myapp/chat_view/
Forbidden: /myapp/chat_view/
Forbidden: /myapp/chat_view/
Forbidden: /myapp/chat_view/
Forbidden: /myapp/chat_view/
Forbidden: /myapp/chat_view/
Forbidden: /myapp/chat_view/
Forbidden: /myapp/chat_view/
Forbidden: /myapp/chat_view/
Forbidden: /myapp/chat_view/
Forbidden: /myapp/chat_view/
Forbidden: /myapp/chat_view/
Forbidden: /myapp/chat_view/
Forbidden: /myapp/chat_view/
Forbidden: /myapp/chat_view/
Forbidden: /myapp/chat_view/
Forbidden: /myapp/chat_view/
Forbidden: /myapp/chat_view/
Forbidden: /myapp/chat_view/
Forbidden: /myapp/chat_view/
Forbidden: /myapp/chat_view/
Forbidden: /myapp/chat_view/
Forbidden: /myapp/chat_view/
Forbidden: /myapp/chat_view/
Forbidden: /myapp/chat_view/
Forbidden: /myapp/chat_view/
Forbidden: /myapp/chat_view/
Forbidden: /myapp/chat_view/
Forbidden: /myapp/chat_view/
Forbidden: /myapp/chat_view/
Forbidden: /myapp/chat_view/
Forbidden: /myapp/chat_view/
Forbidden: /myapp/chat_view/
Forbidden: /myapp/chat_view/
Forbidden: /myapp/chat_view/
Forbidden: /myapp/chat_view/
Forbidden: /myapp/chat_view/
Forbidden: /myapp/chat_view/
Forbidden: /myapp/chat_view/
Forbidden: /myapp/chat_view/
Forbidden: /myapp/chat_view/
Forbidden: /myapp/chat_view/
Forbidden: /myapp/chat_view/
Forbidden: /myapp/chat_view/
Forbidden: /myapp/chat_view/
Forbidden: /myapp/chat_view/
Forbidden: /myapp/chat_view/
Forbidden: /myapp/chat_view/
Forbidden: /myapp/chat_view/
Forbidden: /myapp/chat_view/
Forbidden: /myapp/chat_view/
Forbidden: /myapp/chat_view/
Forbidden: /myapp/chat_view/
Forbidden: /myapp/chat_view/
Forbidden: /myapp/chat_view/
Forbidden: /myapp/chat_view/
Forbidden: /myapp/chat_view/
Forbidden: /myapp/chat_view/
Forbidden: /myapp/chat_view/
Forbidden: /myapp/chat_view/
Forbidden: /myapp/chat_view/
Forbidden: /myapp/chat_view/
Forbidden: /myapp/chat_view/
Forbidden: /myapp/chat_view/
Forbidden: /myapp/chat_view/
Forbidden: /myapp/chat_view/
Forbidden: /myapp/chat_view/
Forbidden: /myapp/chat_view/
Forbidden: /myapp/chat_view/
Forbidden: /myapp/chat_view/
Forbidden: /myapp/chat_view/
Forbidden: /myapp/chat_view/
Forbidden: /myapp/chat_view/
Forbidden: /myapp/chat_view/
Forbidden: /myapp/chat_view/
Forbidden: /myapp/chat_view/
Forbidden: /myapp/chat_view/
Forbidden: /myapp/chat_view/
Forbidden: /myapp/chat_view/
Forbidden: /myapp/chat_view/
Not Found: /
Not Found: /favicon.ico
Not Found: /myapp/index_get2/img/favicon.ico
Not Found: /myapp/view_other_user_get/img/favicon.ico
Not Found: /myapp/chat1/img/favicon.ico
Forbidden: /myapp/chat_view/
Forbidden: /myapp/chat_send/qwe
Forbidden: /myapp/chat_view/
Forbidden: /myapp/chat_view/
Forbidden: /myapp/chat_send/qwe
Forbidden: /myapp/chat_view/
Forbidden: /myapp/chat_view/
Forbidden: /myapp/chat_view/
Forbidden: /myapp/chat_view/
Forbidden: /myapp/chat_view/
Forbidden: /myapp/chat_view/
Forbidden: /myapp/chat_view/
Forbidden: /myapp/chat_view/
Forbidden: /myapp/chat_view/
Forbidden: /myapp/chat_view/
Forbidden: /myapp/chat_view/
Forbidden: /myapp/chat_view/
Forbidden: /myapp/chat_view/
Forbidden: /myapp/chat_view/
Forbidden: /myapp/chat_view/
Forbidden: /myapp/chat_view/
Forbidden: /myapp/chat_view/
Forbidden: /myapp/chat_view/
Forbidden: /myapp/chat_view/
Forbidden: /myapp/chat_view/
Forbidden: /myapp/chat_view/
Forbidden: /myapp/chat_view/
Forbidden: /myapp/chat_view/
Forbidden: /myapp/chat_view/
Forbidden: /myapp/chat_send/qwe
Forbidden: /myapp/chat_view/
Forbidden: /myapp/chat_view/
Forbidden: /myapp/chat_view/
Forbidden: /myapp/chat_view/
Forbidden: /myapp/chat_view/
Forbidden: /myapp/chat_view/
Forbidden: /myapp/chat_view/
Forbidden: /myapp/chat_view/
Forbidden: /myapp/chat_view/
Forbidden: /myapp/chat_view/
Forbidden: /myapp/chat_view/
Forbidden: /myapp/chat_view/
Forbidden: /myapp/chat_view/
Forbidden: /myapp/chat_view/
Forbidden: /myapp/chat_view/
Forbidden: /myapp/chat_view/
Forbidden: /myapp/chat_view/
Forbidden: /myapp/chat_view/
Forbidden: /myapp/chat_view/
Forbidden: /myapp/chat_view/
Forbidden: /myapp/chat_view/
Forbidden: /myapp/chat_view/
Forbidden: /myapp/chat_view/
Forbidden: /myapp/chat_view/
Forbidden: /myapp/chat_view/
Forbidden: /myapp/chat_view/
Forbidden: /myapp/chat_view/
Forbidden: /myapp/chat_view/
Forbidden: /myapp/chat_view/
Forbidden: /myapp/chat_view/
Forbidden: /myapp/chat_view/
Forbidden: /myapp/chat_view/
Forbidden: /myapp/chat_view/
Forbidden: /myapp/chat_view/
Forbidden: /myapp/chat_view/
Forbidden: /myapp/chat_view/
Forbidden: /myapp/chat_view/
Forbidden: /myapp/chat_view/
Forbidden: /myapp/chat_view/
Forbidden: /myapp/chat_view/
Forbidden: /myapp/chat_view/
Forbidden: /myapp/chat_view/
Forbidden: /myapp/chat_view/
Forbidden: /myapp/chat_view/
Forbidden: /myapp/chat_view/
Forbidden: /myapp/chat_view/
Forbidden: /myapp/chat_view/
Forbidden: /myapp/chat_view/
Forbidden: /myapp/chat_view/
Forbidden: /myapp/chat_view/
Forbidden: /myapp/chat_view/
Forbidden: /myapp/chat_view/
Forbidden: /myapp/chat_view/
Forbidden: /myapp/chat_view/
Forbidden: /myapp/chat_view/
Forbidden: /myapp/chat_view/
Forbidden: /myapp/chat_view/
Forbidden: /myapp/chat_view/
Forbidden: /myapp/chat_view/
Forbidden: /myapp/chat_view/
Forbidden: /myapp/chat_view/
Forbidden: /myapp/chat_view/
Forbidden: /myapp/chat_view/
Forbidden: /myapp/chat_view/
Forbidden: /myapp/chat_view/
Forbidden: /myapp/chat_view/
Forbidden: /myapp/chat_view/
Forbidden: /myapp/chat_view/
Forbidden: /myapp/chat_view/
Forbidden: /myapp/chat_view/
Forbidden: /myapp/chat_view/
Forbidden: /myapp/chat_view/
Forbidden: /myapp/chat_view/
Forbidden: /myapp/chat_view/
Forbidden: /myapp/chat_view/
Forbidden: /myapp/chat_view/
Forbidden: /myapp/chat_view/
Forbidden: /myapp/chat_view/
Forbidden: /myapp/chat_view/
Forbidden: /myapp/chat_view/
Forbidden: /myapp/chat_view/
Forbidden: /myapp/chat_view/
Forbidden: /myapp/chat_view/
Forbidden: /myapp/chat_view/
Forbidden: /myapp/chat_view/
Forbidden: /myapp/chat_view/
Forbidden: /myapp/chat_view/
Forbidden: /myapp/chat_view/
Forbidden: /myapp/chat_view/
Forbidden: /myapp/chat_view/
Forbidden: /myapp/chat_view/
Forbidden: /myapp/chat_view/
Forbidden: /myapp/chat_view/
Forbidden: /myapp/chat_view/
Forbidden: /myapp/chat_view/
Forbidden: /myapp/chat_view/
Forbidden: /myapp/chat_view/
Forbidden: /myapp/chat_view/
Forbidden: /myapp/chat_view/
Forbidden: /myapp/chat_view/
Forbidden: /myapp/chat_view/
Forbidden: /myapp/chat_send/qwe
Forbidden: /myapp/chat_view/
Forbidden: /myapp/chat_view/
Forbidden: /myapp/chat_view/
Forbidden: /myapp/chat_view/
Forbidden: /myapp/chat_view/
Forbidden: /myapp/chat_view/
Forbidden: /myapp/chat_send/qwe
Forbidden: /myapp/chat_view/
Forbidden: /myapp/chat_view/
Forbidden: /myapp/chat_view/
Forbidden: /myapp/chat_view/
Forbidden: /myapp/chat_view/
Forbidden: /myapp/chat_view/
Forbidden: /myapp/chat_view/
Forbidden: /myapp/chat_view/
Forbidden: /myapp/chat_view/
Forbidden: /myapp/chat_view/
Forbidden: /myapp/chat_view/
Forbidden: /myapp/chat_view/
Forbidden: /myapp/chat_view/
Forbidden: /myapp/chat_view/
Forbidden: /myapp/chat_view/
Forbidden: /myapp/chat_view/
Forbidden: /myapp/chat_view/
Forbidden: /myapp/chat_view/
Forbidden: /myapp/chat_view/
Forbidden: /myapp/chat_view/
Forbidden: /myapp/chat_view/
Forbidden: /myapp/chat_view/
Forbidden: /myapp/chat_view/
Forbidden: /myapp/chat_view/
Forbidden: /myapp/chat_view/
Forbidden: /myapp/chat_view/
Forbidden: /myapp/chat_view/
Forbidden: /myapp/chat_view/
Forbidden: /myapp/chat_view/
Forbidden: /myapp/chat_view/
Forbidden: /myapp/chat_view/
Forbidden: /myapp/chat_view/
Forbidden: /myapp/chat_view/
Forbidden: /myapp/chat_view/
Forbidden: /myapp/chat_view/
Forbidden: /myapp/chat_view/
Forbidden: /myapp/chat_view/
Forbidden: /myapp/chat_view/
Forbidden: /myapp/chat_view/
Forbidden: /myapp/chat_view/
Forbidden: /myapp/chat_view/
Forbidden: /myapp/chat_view/
Forbidden: /myapp/chat_view/
Forbidden: /myapp/chat_view/
Forbidden: /myapp/chat_view/
Forbidden: /myapp/chat_view/
Forbidden: /myapp/chat_view/
Forbidden: /myapp/chat_view/
Forbidden: /myapp/chat_view/
Forbidden: /myapp/chat_view/
Forbidden: /myapp/chat_view/
Forbidden: /myapp/chat_view/
Forbidden: /myapp/chat_view/
Forbidden: /myapp/chat_view/
Forbidden: /myapp/chat_view/
Forbidden: /myapp/chat_view/
Forbidden: /myapp/chat_view/
Forbidden: /myapp/chat_view/
Forbidden: /myapp/chat_view/
Forbidden: /myapp/chat_view/
Forbidden: /myapp/chat_view/
Forbidden: /myapp/chat_view/
Forbidden: /myapp/chat_view/
Forbidden: /myapp/chat_view/
Forbidden: /myapp/chat_view/
Forbidden: /myapp/chat_view/
Forbidden: /myapp/chat_view/
Forbidden: /myapp/chat_view/
Forbidden: /myapp/chat_view/
Forbidden: /myapp/chat_view/
Forbidden: /myapp/chat_view/
Forbidden: /myapp/chat_view/
Forbidden: /myapp/chat_view/
Forbidden: /myapp/chat_view/
Forbidden: /myapp/chat_view/
Forbidden: /myapp/chat_view/
Forbidden: /myapp/chat_view/
Forbidden: /myapp/chat_view/
Forbidden: /myapp/chat_view/
Forbidden: /myapp/chat_view/
Forbidden: /myapp/chat_view/
Forbidden: /myapp/chat_view/
Forbidden: /myapp/chat_view/
Forbidden: /myapp/chat_view/
Forbidden: /myapp/chat_view/
Forbidden: /myapp/chat_view/
Forbidden: /myapp/chat_view/
Forbidden: /myapp/chat_view/
Forbidden: /myapp/chat_view/
Forbidden: /myapp/chat_view/
Forbidden: /myapp/chat_view/
Forbidden: /myapp/chat_view/
Forbidden: /myapp/chat_view/
Forbidden: /myapp/chat_view/
Forbidden: /myapp/chat_view/
Forbidden: /myapp/chat_view/
Forbidden: /myapp/chat_view/
Forbidden: /myapp/chat_view/
Forbidden: /myapp/chat_view/
Forbidden: /myapp/chat_view/
Forbidden: /myapp/chat_view/
Forbidden: /myapp/chat_view/
Forbidden: /myapp/chat_view/
Forbidden: /myapp/chat_view/
Forbidden: /myapp/chat_view/
Forbidden: /myapp/chat_view/
Forbidden: /myapp/chat_view/
Forbidden: /myapp/chat_view/
Forbidden: /myapp/chat_view/
Forbidden: /myapp/chat_view/
Forbidden: /myapp/chat_view/
Forbidden: /myapp/chat_view/
Forbidden: /myapp/chat_view/
Forbidden: /myapp/chat_view/
Forbidden: /myapp/chat_view/
Forbidden: /myapp/chat_view/
Forbidden: /myapp/chat_view/
Forbidden: /myapp/chat_view/
Forbidden: /myapp/chat_view/
Forbidden: /myapp/chat_view/
Forbidden: /myapp/chat_view/
Forbidden: /myapp/chat_view/
Forbidden: /myapp/chat_view/
Forbidden: /myapp/chat_view/
Forbidden: /myapp/chat_view/
Forbidden: /myapp/chat_view/
Forbidden: /myapp/chat_view/
Forbidden: /myapp/chat_view/
Forbidden: /myapp/chat_view/
Forbidden: /myapp/chat_view/
Forbidden: /myapp/chat_view/
Forbidden: /myapp/chat_view/
Forbidden: /myapp/chat_view/
Forbidden: /myapp/chat_view/
Forbidden: /myapp/chat_view/
Forbidden: /myapp/chat_view/
Forbidden: /myapp/chat_view/
Forbidden: /myapp/chat_view/
Forbidden: /myapp/chat_view/
Forbidden: /myapp/chat_view/
Forbidden: /myapp/chat_view/
Forbidden: /myapp/chat_view/
Forbidden: /myapp/chat_view/
Forbidden: /myapp/chat_view/
Forbidden: /myapp/chat_view/
Forbidden: /myapp/chat_view/
Forbidden: /myapp/chat_view/
Forbidden: /myapp/chat_view/
Forbidden: /myapp/chat_view/
Forbidden: /myapp/chat_view/
Forbidden: /myapp/chat_view/
Forbidden: /myapp/chat_view/
Forbidden: /myapp/chat_view/
Forbidden: /myapp/chat_view/
Forbidden: /myapp/chat_view/
Forbidden: /myapp/chat_view/
Forbidden: /myapp/chat_view/
Forbidden: /myapp/chat_view/
Forbidden: /myapp/chat_view/
Forbidden: /myapp/chat_view/
Forbidden: /myapp/chat_view/
Forbidden: /myapp/chat_view/
Forbidden: /myapp/chat_view/
Forbidden: /myapp/chat_view/
Forbidden: /myapp/chat_view/
Forbidden: /myapp/chat_view/
Forbidden: /myapp/chat_view/
Forbidden: /myapp/chat_view/
Forbidden: /myapp/chat_view/
Forbidden: /myapp/chat_view/
Forbidden: /myapp/chat_view/
Forbidden: /myapp/chat_view/
Forbidden: /myapp/chat_view/
Forbidden: /myapp/chat_view/
Forbidden: /myapp/chat_view/
Forbidden: /myapp/chat_view/
Forbidden: /myapp/chat_view/
Forbidden: /myapp/chat_view/
Forbidden: /myapp/chat_view/
Forbidden: /myapp/chat_view/
Forbidden: /myapp/chat_view/
Forbidden: /myapp/chat_view/
Forbidden: /myapp/chat_view/
Forbidden: /myapp/chat_view/
Forbidden: /myapp/chat_send/qwe
Forbidden: /myapp/chat_view/
Forbidden: /myapp/chat_view/
Forbidden: /myapp/chat_view/
Forbidden: /myapp/chat_view/
Forbidden: /myapp/chat_view/
Forbidden: /myapp/chat_view/
Forbidden: /myapp/chat_view/
Forbidden: /myapp/chat_view/
Forbidden: /myapp/chat_view/
Forbidden: /myapp/chat_send/afd
Forbidden: /myapp/chat_view/
Forbidden: /myapp/chat_send/afd
Forbidden: /myapp/chat_send/afd
Forbidden: /myapp/chat_send/afd
Forbidden: /myapp/chat_send/afd
Forbidden: /myapp/chat_view/
Forbidden: /myapp/chat_send/afd
Forbidden: /myapp/chat_view/
Forbidden: /myapp/chat_view/
Forbidden: /myapp/view_other_user_get/
Forbidden: /myapp/chat_view/
Forbidden: /myapp/view_other_user_get/
Forbidden: /myapp/view_other_user_get/
Forbidden: /
Forbidden: /myapp/login_get/
Not Found: /
Not Found: /favicon.ico
Not Found: /
Not Found: /myapp/index_get2/img/favicon.ico
Not Found: /myapp/view_other_user_get/img/favicon.ico
Not Found: /myapp/chat1/img/favicon.ico
Forbidden: /myapp/chat_view/
Forbidden: /myapp/chat_view/
Forbidden: /myapp/chat_view/
Forbidden: /myapp/chat_view/
Forbidden: /myapp/chat_view/
Forbidden: /myapp/chat_send/fgy
Forbidden: /myapp/chat_view/
Forbidden: /myapp/chat_view/
Forbidden: /myapp/chat_view/
Forbidden: /myapp/chat_view/
Forbidden: /myapp/chat_view/
Forbidden: /myapp/chat_view/
Forbidden: /myapp/chat_view/
Forbidden: /myapp/chat_view/
Forbidden: /myapp/chat_view/
Forbidden: /myapp/chat_view/
Forbidden: /myapp/chat_view/
Forbidden: /myapp/chat_view/
Forbidden: /myapp/chat_view/
Forbidden: /myapp/chat_view/
Forbidden: /myapp/chat_view/
Forbidden: /myapp/chat_view/
Forbidden: /myapp/chat_view/
Forbidden: /myapp/chat_view/
Forbidden: /myapp/chat_view/
Forbidden: /myapp/chat_view/
Forbidden: /myapp/chat_view/
Forbidden: /myapp/chat_view/
Forbidden: /myapp/chat_view/
Forbidden: /myapp/chat_view/
Forbidden: /myapp/chat_view/
Forbidden: /myapp/chat_view/
Forbidden: /myapp/chat_view/
Forbidden: /myapp/chat_view/
Forbidden: /myapp/chat_view/
Forbidden: /myapp/chat_view/
Forbidden: /myapp/chat_view/
Forbidden: /myapp/chat_view/
Forbidden: /myapp/chat_view/
Forbidden: /myapp/chat_view/
Not Found: /
Forbidden: /myapp/chat_view/
Forbidden: /myapp/chat_view/
Forbidden: /myapp/chat_view/
Forbidden: /myapp/chat_view/
Forbidden: /myapp/chat_view/
Forbidden: /myapp/chat_view/
Forbidden: /myapp/chat_view/
Forbidden: /myapp/chat_view/
Forbidden: /myapp/chat_view/
Forbidden: /myapp/chat_view/
Forbidden: /myapp/chat_view/
Forbidden: /myapp/chat_view/
Forbidden: /myapp/chat_view/
Forbidden: /myapp/chat_view/
Forbidden: /myapp/chat_view/
Forbidden: /myapp/chat_view/
Forbidden: /myapp/chat_view/
Forbidden: /myapp/chat_view/
Forbidden: /myapp/chat_view/
Forbidden: /myapp/chat_view/
Forbidden: /myapp/chat_view/
Forbidden: /myapp/chat_view/
Forbidden: /myapp/chat_view/
Forbidden: /myapp/chat_view/
Forbidden: /myapp/chat_view/
Forbidden: /myapp/chat_view/
Forbidden: /myapp/chat_view/
Forbidden: /myapp/chat_view/
Forbidden: /myapp/chat_view/
Forbidden: /myapp/chat_view/
Forbidden: /myapp/chat_view/
Forbidden: /myapp/chat_view/
Forbidden: /myapp/chat_view/
Forbidden: /myapp/chat_view/
Forbidden: /myapp/chat_view/
Forbidden: /myapp/chat_view/
Forbidden: /myapp/chat_view/
Forbidden: /myapp/chat_view/
Forbidden: /myapp/chat_view/
Forbidden: /myapp/chat_view/
Forbidden: /myapp/chat_view/
Forbidden: /myapp/chat_view/
Forbidden: /myapp/chat_view/
Forbidden: /myapp/chat_view/
Forbidden: /myapp/chat_view/
Forbidden: /myapp/chat_view/
Forbidden: /myapp/chat_view/
Forbidden: /myapp/chat_view/
Forbidden: /myapp/chat_view/
Forbidden: /myapp/chat_view/
Forbidden: /myapp/chat_view/
Forbidden: /myapp/chat_view/
Forbidden: /myapp/chat_view/
Forbidden: /myapp/chat_view/
Forbidden: /myapp/chat_view/
Forbidden: /myapp/chat_view/
Forbidden: /myapp/chat_view/
Forbidden: /myapp/chat_view/
Forbidden: /myapp/chat_view/
Forbidden: /myapp/chat_view/
Forbidden: /myapp/chat_view/
Forbidden: /myapp/chat_view/
Forbidden: /myapp/chat_view/
Forbidden: /myapp/chat_view/
Forbidden: /myapp/chat_view/
Forbidden: /myapp/chat_view/
Forbidden: /myapp/chat_view/
Forbidden: /myapp/chat_view/
Forbidden: /myapp/chat_view/
Forbidden: /myapp/chat_view/
Forbidden: /myapp/chat_view/
Forbidden: /myapp/chat_view/
Forbidden: /myapp/chat_view/
Forbidden: /myapp/chat_view/
Forbidden: /myapp/chat_view/
Forbidden: /myapp/chat_view/
Forbidden: /myapp/chat_view/
Forbidden: /myapp/chat_view/
Forbidden: /myapp/chat_view/
Forbidden: /myapp/chat_view/
Forbidden: /myapp/chat_view/
Forbidden: /myapp/chat_view/
Forbidden: /myapp/chat_view/
Forbidden: /myapp/chat_view/
Forbidden: /myapp/chat_view/
Forbidden: /myapp/chat_view/
Forbidden: /myapp/chat_view/
Forbidden: /myapp/chat_view/
Forbidden: /myapp/chat_view/
Forbidden: /myapp/chat_view/
Forbidden: /myapp/chat_view/
Forbidden: /myapp/chat_view/
Forbidden: /myapp/chat_view/
Forbidden: /myapp/chat_view/
Forbidden: /myapp/chat_view/
Forbidden: /myapp/chat_view/
Forbidden: /myapp/chat_view/
Forbidden: /myapp/chat_view/
Forbidden: /myapp/chat_view/
Forbidden: /myapp/chat_view/
Forbidden: /myapp/chat_view/
Forbidden: /myapp/chat_view/
Forbidden: /myapp/chat_view/
Forbidden: /myapp/chat_view/
Forbidden: /myapp/chat_view/
Forbidden: /myapp/chat_view/
Forbidden: /myapp/chat_view/
Forbidden: /myapp/chat_view/
Forbidden: /myapp/chat_view/
Forbidden: /myapp/chat_view/
Forbidden: /myapp/chat_view/
Forbidden: /myapp/chat_view/
Forbidden: /myapp/chat_view/
Forbidden: /myapp/chat_view/
Forbidden: /myapp/chat_view/
Forbidden: /myapp/chat_view/
Forbidden: /myapp/chat_view/
Forbidden: /myapp/chat_view/
Forbidden: /myapp/chat_view/
Forbidden: /myapp/chat_view/
Forbidden: /myapp/chat_view/
Forbidden: /myapp/chat_send/gj
Forbidden: /myapp/chat_send/gj
Forbidden: /myapp/chat_view/
Forbidden: /myapp/chat_send/gj
Forbidden: /myapp/chat_view/
Forbidden: /myapp/chat_send/gj
Forbidden: /myapp/chat_view/
Forbidden: /myapp/chat_view/
Forbidden: /myapp/chat_view/
Forbidden: /myapp/chat_view/
Forbidden: /myapp/chat_view/
Forbidden: /myapp/chat_view/
Forbidden: /myapp/chat_view/
Forbidden: /myapp/chat_view/
Forbidden: /myapp/chat_view/
Forbidden: /myapp/chat_view/
Forbidden: /myapp/chat_view/
Forbidden: /myapp/chat_view/
Forbidden: /myapp/chat_view/
Forbidden: /myapp/chat_view/
Forbidden: /myapp/chat_view/
Forbidden: /myapp/chat_view/
Forbidden: /myapp/chat_view/
Forbidden: /myapp/chat_view/
Forbidden: /myapp/chat_view/
Forbidden: /myapp/chat_view/
Forbidden: /myapp/chat_view/
Forbidden: /myapp/chat_view/
Forbidden: /myapp/chat_view/
Forbidden: /myapp/chat_view/
Forbidden: /myapp/chat_view/
Forbidden: /myapp/chat_view/
Forbidden: /myapp/chat_view/
Forbidden: /myapp/chat_view/
Forbidden: /myapp/chat_view/
Forbidden: /myapp/chat_view/
Forbidden: /myapp/chat_view/
Forbidden: /myapp/chat_view/
Forbidden: /myapp/chat_view/
Forbidden: /myapp/chat_view/
Forbidden: /myapp/chat_view/
Forbidden: /myapp/chat_view/
Forbidden: /myapp/chat_view/
Forbidden: /myapp/chat_view/
Forbidden: /myapp/chat_view/
Forbidden: /myapp/chat_view/
Forbidden: /myapp/chat_view/
Forbidden: /myapp/chat_view/
Forbidden: /myapp/chat_view/
Forbidden: /myapp/chat_view/
Forbidden: /myapp/chat_view/
Forbidden: /myapp/chat_view/
Forbidden: /myapp/chat_view/
Forbidden: /myapp/chat_view/
Forbidden: /myapp/chat_view/
Forbidden: /myapp/chat_view/
Forbidden: /myapp/chat_view/
Forbidden: /myapp/chat_view/
Forbidden: /myapp/chat_view/
Forbidden: /myapp/chat_view/
Forbidden: /myapp/chat_view/
Forbidden: /myapp/chat_view/
Forbidden: /myapp/chat_view/
Forbidden: /myapp/chat_view/
Forbidden: /myapp/chat_view/
Forbidden: /myapp/chat_view/
Forbidden: /myapp/chat_view/
Forbidden: /myapp/chat_view/
Forbidden: /myapp/chat_view/
Forbidden: /myapp/chat_view/
Forbidden: /myapp/chat_view/
Forbidden: /myapp/chat_view/
Forbidden: /myapp/chat_view/
Forbidden: /myapp/chat_view/
Forbidden: /myapp/chat_view/
Forbidden: /myapp/chat_view/
Forbidden: /myapp/chat_view/
Forbidden: /myapp/chat_view/
Forbidden: /myapp/chat_view/
Forbidden: /myapp/chat_view/
Forbidden: /myapp/chat_view/
Forbidden: /myapp/chat_view/
Forbidden: /myapp/chat_view/
Forbidden: /myapp/chat_view/
Forbidden: /myapp/chat_view/
Forbidden: /myapp/chat_view/
Forbidden: /myapp/chat_view/
Forbidden: /myapp/chat_view/
Forbidden: /myapp/chat_view/
Forbidden: /myapp/chat_view/
Forbidden: /myapp/chat_view/
Forbidden: /myapp/chat_view/
Forbidden: /myapp/chat_view/
Forbidden: /myapp/chat_view/
Forbidden: /myapp/chat_view/
Forbidden: /myapp/chat_view/
Forbidden: /myapp/chat_view/
Forbidden: /myapp/chat_view/
Forbidden: /myapp/chat_view/
Forbidden: /myapp/chat_view/
Forbidden: /myapp/chat_view/
Forbidden: /myapp/chat_view/
Forbidden: /myapp/chat_view/
Forbidden: /myapp/chat_view/
Forbidden: /myapp/chat_view/
Forbidden: /myapp/chat_view/
Forbidden: /myapp/chat_view/
Forbidden: /myapp/chat_view/
Forbidden: /myapp/chat_view/
Forbidden: /myapp/chat_view/
Forbidden: /myapp/chat_view/
Forbidden: /myapp/chat_view/
Forbidden: /myapp/chat_view/
Forbidden: /myapp/chat_view/
Forbidden: /myapp/chat_view/
Forbidden: /myapp/chat_view/
Forbidden: /myapp/chat_view/
Forbidden: /myapp/chat_view/
Forbidden: /myapp/chat_view/
Not Found: /
Forbidden: /myapp/chat_view/
Forbidden: /myapp/chat_view/
Forbidden: /myapp/chat_view/
Forbidden: /myapp/chat_view/
Forbidden: /myapp/chat_view/
Forbidden: /myapp/chat_view/
Forbidden: /myapp/chat_view/
Forbidden: /myapp/chat_send/\u263a
Forbidden: /myapp/chat_view/
Forbidden: /myapp/chat_view/
Forbidden: /myapp/chat_view/
Forbidden: /myapp/chat_view/
Forbidden: /myapp/chat_view/
Forbidden: /myapp/chat_view/
Forbidden: /myapp/chat_view/
Forbidden: /myapp/chat_view/
Forbidden: /myapp/chat_view/
Forbidden: /myapp/chat_view/
Forbidden: /myapp/chat_view/
Forbidden: /myapp/chat_send/\u263b
Forbidden: /myapp/chat_view/
Forbidden: /myapp/chat_view/
Forbidden: /myapp/chat_view/
Forbidden: /myapp/chat_view/
Forbidden: /myapp/chat_view/
Forbidden: /myapp/chat_view/
Forbidden: /myapp/chat_view/
Forbidden: /myapp/chat_view/
Forbidden: /myapp/chat_view/
Forbidden: /myapp/chat_send/\u263b
Forbidden: /myapp/chat_view/
Forbidden: /myapp/chat_view/
Forbidden: /myapp/chat_view/
Forbidden: /myapp/chat_view/
Forbidden: /myapp/chat_view/
Forbidden: /myapp/chat_view/
Forbidden: /myapp/chat_view/
Forbidden: /myapp/chat_view/
Forbidden: /myapp/chat_view/
Forbidden: /myapp/chat_view/
Forbidden: /myapp/chat_view/
Forbidden: /myapp/chat_view/
Forbidden: /myapp/chat_view/
Forbidden: /myapp/chat_view/
Forbidden: /myapp/chat_view/
Forbidden: /myapp/chat_view/
Forbidden: /myapp/chat_view/
Forbidden: /myapp/chat_view/
Forbidden: /myapp/chat_view/
Forbidden: /myapp/chat_view/
Forbidden: /myapp/chat1/18
Not Found: /
Not Found: /favicon.ico
Not Found: /myapp/index_get2/img/favicon.ico
Not Found: /myapp/view_other_user_get/img/favicon.ico
Not Found: /myapp/chat1/img/favicon.ico
Forbidden: /myapp/chat_view/
Forbidden: /myapp/chat_view/
Forbidden: /myapp/chat_view/
Forbidden: /myapp/chat_view/
Forbidden: /myapp/chat_send/\U0001f44b
Forbidden: /myapp/chat_view/
Forbidden: /myapp/chat_view/
Forbidden: /myapp/chat_view/
Forbidden: /myapp/chat_send/\U0001f44b
Forbidden: /myapp/chat_view/
Forbidden: /myapp/chat_view/
Forbidden: /myapp/chat_view/
Forbidden: /myapp/chat_view/
Forbidden: /myapp/chat_send/hi
Forbidden: /myapp/chat_view/
Forbidden: /myapp/chat_view/
Forbidden: /myapp/chat_view/
Forbidden: /myapp/chat_view/
Forbidden: /myapp/chat_view/
Forbidden: /myapp/chat_view/
Forbidden: /myapp/chat_view/
Forbidden: /myapp/chat_view/
Forbidden: /myapp/chat_view/
Forbidden: /myapp/chat_view/
Forbidden: /myapp/chat_view/
Forbidden: /myapp/chat_view/
Forbidden: /myapp/chat_view/
Forbidden: /myapp/chat_view/
Forbidden: /myapp/chat_view/
Forbidden: /myapp/chat_view/
Forbidden: /myapp/chat_view/
Forbidden: /myapp/chat_view/
Forbidden: /myapp/chat_view/
Forbidden: /myapp/chat_view/
Forbidden: /myapp/chat_view/
Forbidden: /myapp/chat_view/
Forbidden: /myapp/chat_view/
Forbidden: /myapp/chat_view/
Forbidden: /myapp/chat_view/
Forbidden: /myapp/chat_view/
Forbidden: /myapp/chat_view/
Forbidden: /myapp/chat_view/
Forbidden: /myapp/chat_view/
Forbidden: /myapp/chat_view/
Forbidden: /myapp/chat_view/
Forbidden: /myapp/chat_view/
Forbidden: /myapp/chat_view/
Forbidden: /myapp/chat_view/
Forbidden: /myapp/chat_view/
Forbidden: /myapp/chat_view/
Forbidden: /myapp/chat_view/
Forbidden: /myapp/chat_view/
Forbidden: /myapp/chat_view/
Forbidden: /myapp/chat_view/
Forbidden: /myapp/chat_view/
Forbidden: /myapp/chat_view/
Forbidden: /myapp/chat_view/
Forbidden: /myapp/chat_view/
Forbidden: /myapp/chat_view/
Forbidden: /myapp/chat_view/
Forbidden: /myapp/chat_view/
Forbidden: /myapp/chat_view/
Forbidden: /myapp/chat_view/
Forbidden: /myapp/chat_view/
Forbidden: /myapp/chat_view/
Forbidden: /myapp/chat_view/
Forbidden: /myapp/chat_view/
Forbidden: /myapp/chat_view/
Forbidden: /myapp/chat_view/
Forbidden: /myapp/chat_view/
Forbidden: /myapp/chat_view/
Forbidden: /myapp/chat_view/
Forbidden: /myapp/chat_view/
Forbidden: /myapp/chat_view/
Forbidden: /myapp/chat_view/
Forbidden: /myapp/chat_view/
Forbidden: /myapp/chat_view/
Forbidden: /myapp/chat_view/
Forbidden: /myapp/chat_view/
Forbidden: /myapp/chat_view/
Forbidden: /myapp/chat_view/
Forbidden: /myapp/chat_view/
Forbidden: /myapp/chat_view/
Forbidden: /myapp/chat_view/
Forbidden: /myapp/chat_view/
Forbidden: /myapp/chat_view/
Forbidden: /myapp/chat_view/
Forbidden: /myapp/chat_view/
Forbidden: /myapp/chat_view/
Forbidden: /myapp/chat_view/
Forbidden: /myapp/chat_view/
Forbidden: /myapp/chat_view/
Forbidden: /myapp/chat_view/
Forbidden: /myapp/chat_view/
Forbidden: /myapp/chat_view/
Forbidden: /myapp/chat_view/
Forbidden: /myapp/chat_view/
Forbidden: /myapp/chat_view/
Forbidden: /myapp/chat_view/
Forbidden: /myapp/chat_view/
Forbidden: /myapp/chat_view/
Forbidden: /myapp/chat_view/
Forbidden: /myapp/chat_view/
Forbidden: /myapp/chat_view/
Forbidden: /myapp/chat_view/
Forbidden: /myapp/chat_view/
Forbidden: /myapp/chat_view/
Forbidden: /myapp/chat_view/
Forbidden: /myapp/chat_view/
Forbidden: /myapp/chat_view/
Forbidden: /myapp/chat_view/
Forbidden: /myapp/chat_view/
Forbidden: /myapp/chat_view/
Forbidden: /myapp/chat_view/
Forbidden: /myapp/chat_view/
Forbidden: /myapp/chat_view/
Forbidden: /myapp/chat_view/
Forbidden: /myapp/chat_view/
Forbidden: /myapp/chat_view/
Forbidden: /myapp/chat_view/
Forbidden: /myapp/chat_view/
Forbidden: /myapp/chat_view/
Forbidden: /myapp/chat_view/
Forbidden: /myapp/chat_view/
Forbidden: /myapp/chat_view/
Forbidden: /myapp/chat_view/
Forbidden: /myapp/chat_view/
Forbidden: /myapp/chat_view/
Forbidden: /myapp/chat_view/
Forbidden: /myapp/chat_view/
Forbidden: /myapp/chat_view/
Forbidden: /myapp/chat_view/
Forbidden: /myapp/chat_view/
Forbidden: /myapp/chat_view/
Forbidden: /myapp/chat_view/
Forbidden: /myapp/chat_view/
Forbidden: /myapp/chat_view/
Forbidden: /myapp/chat_view/
Forbidden: /myapp/chat_view/
Forbidden: /myapp/chat_view/
Forbidden: /myapp/chat_view/
Forbidden: /myapp/chat_view/
Forbidden: /myapp/chat_view/
Forbidden: /myapp/chat_view/
Forbidden: /myapp/chat_view/
Forbidden: /myapp/chat_view/
Forbidden: /myapp/chat_view/
Forbidden: /myapp/chat_view/
Forbidden: /myapp/chat_view/
Forbidden: /myapp/chat_view/
Forbidden: /myapp/chat_view/
Forbidden: /myapp/chat_view/
Forbidden: /myapp/chat_view/
Forbidden: /myapp/chat_view/
Forbidden: /myapp/chat_view/
Forbidden: /myapp/chat_view/
Forbidden: /myapp/chat_view/
Forbidden: /myapp/chat_view/
Forbidden: /myapp/chat_view/
Forbidden: /myapp/chat_view/
Forbidden: /myapp/chat_view/
Forbidden: /myapp/chat_view/
Forbidden: /myapp/chat_view/
Forbidden: /myapp/chat_view/
Forbidden: /myapp/chat_view/
Forbidden: /myapp/chat_view/
Forbidden: /myapp/chat_view/
Forbidden: /myapp/chat_view/
Forbidden: /myapp/chat_view/
Forbidden: /myapp/chat_view/
Forbidden: /myapp/chat_view/
Forbidden: /myapp/chat_view/
Forbidden: /myapp/chat_view/
Forbidden: /myapp/chat_view/
Forbidden: /myapp/chat_view/
Forbidden: /myapp/chat_view/
Forbidden: /myapp/chat_view/
Forbidden: /myapp/chat_view/
Forbidden: /myapp/chat_view/
Forbidden: /myapp/chat_view/
Forbidden: /myapp/chat_view/
Forbidden: /myapp/chat_view/
Forbidden: /myapp/chat_view/
Forbidden: /myapp/chat_view/
Forbidden: /myapp/chat_view/
Forbidden: /myapp/chat_view/
Forbidden: /myapp/chat_view/
Forbidden: /myapp/chat_view/
Forbidden: /myapp/chat_view/
Forbidden: /myapp/chat_view/
Forbidden: /myapp/chat_view/
Forbidden: /myapp/chat_view/
Forbidden: /myapp/chat_view/
Forbidden: /myapp/chat_view/
Forbidden: /myapp/chat_view/
Forbidden: /myapp/chat_view/
Forbidden: /myapp/chat_view/
Forbidden: /myapp/chat_view/
Forbidden: /myapp/chat_view/
Forbidden: /myapp/chat_view/
Forbidden: /myapp/chat_view/
Forbidden: /myapp/chat_view/
Forbidden: /myapp/chat_view/
Forbidden: /myapp/chat_view/
Forbidden: /myapp/chat_view/
Forbidden: /myapp/chat_view/
Forbidden: /myapp/chat_view/
Forbidden: /myapp/chat_view/
Forbidden: /myapp/chat_view/
Forbidden: /myapp/chat_view/
Forbidden: /myapp/chat_view/
Forbidden: /myapp/chat_view/
Forbidden: /myapp/chat_view/
Forbidden: /myapp/chat_view/
Forbidden: /myapp/chat_view/
Forbidden: /myapp/chat_view/
Forbidden: /myapp/chat_view/
Forbidden: /myapp/chat_view/
Forbidden: /myapp/chat_view/
Forbidden: /myapp/chat_view/
Forbidden: /myapp/chat_view/
Forbidden: /myapp/chat_view/
Forbidden: /myapp/chat_view/
Forbidden: /myapp/chat_view/
Forbidden: /myapp/chat_view/
Forbidden: /myapp/chat_view/
Forbidden: /myapp/chat_view/
Forbidden: /myapp/chat_view/
Forbidden: /myapp/chat_view/
Forbidden: /myapp/chat_view/
Forbidden: /myapp/chat_view/
Forbidden: /myapp/chat_view/
Forbidden: /myapp/chat_view/
Forbidden: /myapp/chat_view/
Forbidden: /myapp/chat_view/
Forbidden: /myapp/chat_view/
Forbidden: /myapp/chat_view/
Forbidden: /myapp/chat_view/
Forbidden: /myapp/chat_view/
Forbidden: /myapp/chat_view/
Forbidden: /myapp/chat_view/
Forbidden: /myapp/chat_view/
Forbidden: /myapp/chat_view/
Forbidden: /myapp/chat_view/
Forbidden: /myapp/chat_view/
Forbidden: /myapp/chat_view/
Forbidden: /myapp/chat_view/
Forbidden: /myapp/chat_view/
Forbidden: /myapp/chat_send/good
Forbidden: /myapp/chat_view/
Forbidden: /myapp/chat_view/
Forbidden: /myapp/chat_view/
Forbidden: /myapp/chat_send/good
Forbidden: /myapp/chat_view/
Forbidden: /myapp/chat_view/
Forbidden: /myapp/chat_view/
Forbidden: /myapp/chat_view/
Forbidden: /myapp/chat_view/
Forbidden: /myapp/chat_view/
Forbidden: /myapp/chat_view/
Forbidden: /myapp/chat_view/
Forbidden: /myapp/chat_view/
Forbidden: /myapp/chat_view/
Forbidden: /myapp/chat_view/
Forbidden: /myapp/chat_view/
Forbidden: /myapp/chat_view/
Forbidden: /myapp/chat_view/
Forbidden: /myapp/chat_view/
Forbidden: /myapp/chat_view/
Forbidden: /myapp/chat_view/
Forbidden: /myapp/chat_view/
Forbidden: /myapp/chat_view/
Forbidden: /myapp/chat_view/
Forbidden: /myapp/chat_view/
Forbidden: /myapp/chat_view/
Forbidden: /myapp/chat_view/
Forbidden: /myapp/chat_view/
Forbidden: /myapp/chat_view/
Forbidden: /myapp/chat_view/
Forbidden: /myapp/chat_send/goog
Forbidden: /myapp/chat_view/
Forbidden: /myapp/chat_view/
Forbidden: /myapp/chat_view/
Forbidden: /myapp/chat_view/
Forbidden: /myapp/chat_view/
Forbidden: /myapp/chat_view/
Forbidden: /myapp/chat_view/
Forbidden: /myapp/chat_view/
Forbidden: /myapp/chat_view/
Forbidden: /myapp/chat_view/
Forbidden: /myapp/chat_view/
Forbidden: /myapp/chat_view/
Forbidden: /myapp/chat_view/
Forbidden: /myapp/chat_view/
Forbidden: /myapp/chat_view/
Forbidden: /myapp/chat_view/
Forbidden: /myapp/chat1/18
Forbidden: /myapp/chat1/18
Forbidden: /myapp/chat_view/
Forbidden: /myapp/chat_send/uu
Forbidden: /myapp/chat_view/
Forbidden: /myapp/chat_view/
Forbidden: /myapp/chat_view/
Forbidden: /myapp/chat_view/
Forbidden: /myapp/chat_view/
Forbidden: /myapp/chat_view/
Forbidden: /myapp/chat_view/
Forbidden: /myapp/chat_view/
Forbidden: /myapp/chat_view/
Not Found: /
Not Found: /myapp/index_get/img/favicon.ico
Not Found: /myapp/logs_get/img/favicon.ico
Internal Server Error: /myapp/chat_view/
Traceback (most recent call last):
  File "C:\Python312\Lib\site-packages\django\core\handlers\exception.py", line 55, in inner
    response = get_response(request)
               ^^^^^^^^^^^^^^^^^^^^^
  File "C:\Python312\Lib\site-packages\django\core\handlers\base.py", line 197, in _get_response
    response = wrapped_callback(request, *callback_args, **callback_kwargs)
               ^^^^^^^^^^^^^^^^^^^^^^^^^^^^^^^^^^^^^^^^^^^^^^^^^^^^^^^^^^^^
  File "C:\Users\admin\PycharmProjects\cyber_camouflage\myapp\views.py", line 1500, in chat_view
    toid = request.session["userid"]
           ~~~~~~~~~~~~~~~^^^^^^^^^^
  File "C:\Python312\Lib\site-packages\django\contrib\sessions\backends\base.py", line 55, in __getitem__
    return self._session[key]
           ~~~~~~~~~~~~~^^^^^
KeyError: 'userid'
Internal Server Error: /myapp/chat_view/
Traceback (most recent call last):
  File "C:\Python312\Lib\site-packages\django\core\handlers\exception.py", line 55, in inner
    response = get_response(request)
               ^^^^^^^^^^^^^^^^^^^^^
  File "C:\Python312\Lib\site-packages\django\core\handlers\base.py", line 197, in _get_response
    response = wrapped_callback(request, *callback_args, **callback_kwargs)
               ^^^^^^^^^^^^^^^^^^^^^^^^^^^^^^^^^^^^^^^^^^^^^^^^^^^^^^^^^^^^
  File "C:\Users\admin\PycharmProjects\cyber_camouflage\myapp\views.py", line 1500, in chat_view
    toid = request.session["userid"]
           ~~~~~~~~~~~~~~~^^^^^^^^^^
  File "C:\Python312\Lib\site-packages\django\contrib\sessions\backends\base.py", line 55, in __getitem__
    return self._session[key]
           ~~~~~~~~~~~~~^^^^^
KeyError: 'userid'
Internal Server Error: /myapp/chat_view/
Traceback (most recent call last):
  File "C:\Python312\Lib\site-packages\django\core\handlers\exception.py", line 55, in inner
    response = get_response(request)
               ^^^^^^^^^^^^^^^^^^^^^
  File "C:\Python312\Lib\site-packages\django\core\handlers\base.py", line 197, in _get_response
    response = wrapped_callback(request, *callback_args, **callback_kwargs)
               ^^^^^^^^^^^^^^^^^^^^^^^^^^^^^^^^^^^^^^^^^^^^^^^^^^^^^^^^^^^^
  File "C:\Users\admin\PycharmProjects\cyber_camouflage\myapp\views.py", line 1500, in chat_view
    toid = request.session["userid"]
           ~~~~~~~~~~~~~~~^^^^^^^^^^
  File "C:\Python312\Lib\site-packages\django\contrib\sessions\backends\base.py", line 55, in __getitem__
    return self._session[key]
           ~~~~~~~~~~~~~^^^^^
KeyError: 'userid'
Internal Server Error: /myapp/chat_view/
Traceback (most recent call last):
  File "C:\Python312\Lib\site-packages\django\core\handlers\exception.py", line 55, in inner
    response = get_response(request)
               ^^^^^^^^^^^^^^^^^^^^^
  File "C:\Python312\Lib\site-packages\django\core\handlers\base.py", line 197, in _get_response
    response = wrapped_callback(request, *callback_args, **callback_kwargs)
               ^^^^^^^^^^^^^^^^^^^^^^^^^^^^^^^^^^^^^^^^^^^^^^^^^^^^^^^^^^^^
  File "C:\Users\admin\PycharmProjects\cyber_camouflage\myapp\views.py", line 1500, in chat_view
    toid = request.session["userid"]
           ~~~~~~~~~~~~~~~^^^^^^^^^^
  File "C:\Python312\Lib\site-packages\django\contrib\sessions\backends\base.py", line 55, in __getitem__
    return self._session[key]
           ~~~~~~~~~~~~~^^^^^
KeyError: 'userid'
Internal Server Error: /myapp/chat_view/
Traceback (most recent call last):
  File "C:\Python312\Lib\site-packages\django\core\handlers\exception.py", line 55, in inner
    response = get_response(request)
               ^^^^^^^^^^^^^^^^^^^^^
  File "C:\Python312\Lib\site-packages\django\core\handlers\base.py", line 197, in _get_response
    response = wrapped_callback(request, *callback_args, **callback_kwargs)
               ^^^^^^^^^^^^^^^^^^^^^^^^^^^^^^^^^^^^^^^^^^^^^^^^^^^^^^^^^^^^
  File "C:\Users\admin\PycharmProjects\cyber_camouflage\myapp\views.py", line 1500, in chat_view
    toid = request.session["userid"]
           ~~~~~~~~~~~~~~~^^^^^^^^^^
  File "C:\Python312\Lib\site-packages\django\contrib\sessions\backends\base.py", line 55, in __getitem__
    return self._session[key]
           ~~~~~~~~~~~~~^^^^^
KeyError: 'userid'
Not Found: /myapp/change_password_get/img/favicon.ico
Internal Server Error: /myapp/chat_view/
Traceback (most recent call last):
  File "C:\Python312\Lib\site-packages\django\core\handlers\exception.py", line 55, in inner
    response = get_response(request)
               ^^^^^^^^^^^^^^^^^^^^^
  File "C:\Python312\Lib\site-packages\django\core\handlers\base.py", line 197, in _get_response
    response = wrapped_callback(request, *callback_args, **callback_kwargs)
               ^^^^^^^^^^^^^^^^^^^^^^^^^^^^^^^^^^^^^^^^^^^^^^^^^^^^^^^^^^^^
  File "C:\Users\admin\PycharmProjects\cyber_camouflage\myapp\views.py", line 1500, in chat_view
    toid = request.session["userid"]
           ~~~~~~~~~~~~~~~^^^^^^^^^^
  File "C:\Python312\Lib\site-packages\django\contrib\sessions\backends\base.py", line 55, in __getitem__
    return self._session[key]
           ~~~~~~~~~~~~~^^^^^
KeyError: 'userid'
Internal Server Error: /myapp/chat_view/
Traceback (most recent call last):
  File "C:\Python312\Lib\site-packages\django\core\handlers\exception.py", line 55, in inner
    response = get_response(request)
               ^^^^^^^^^^^^^^^^^^^^^
  File "C:\Python312\Lib\site-packages\django\core\handlers\base.py", line 197, in _get_response
    response = wrapped_callback(request, *callback_args, **callback_kwargs)
               ^^^^^^^^^^^^^^^^^^^^^^^^^^^^^^^^^^^^^^^^^^^^^^^^^^^^^^^^^^^^
  File "C:\Users\admin\PycharmProjects\cyber_camouflage\myapp\views.py", line 1500, in chat_view
    toid = request.session["userid"]
           ~~~~~~~~~~~~~~~^^^^^^^^^^
  File "C:\Python312\Lib\site-packages\django\contrib\sessions\backends\base.py", line 55, in __getitem__
    return self._session[key]
           ~~~~~~~~~~~~~^^^^^
KeyError: 'userid'
Internal Server Error: /myapp/chat_view/
Traceback (most recent call last):
  File "C:\Python312\Lib\site-packages\django\core\handlers\exception.py", line 55, in inner
    response = get_response(request)
               ^^^^^^^^^^^^^^^^^^^^^
  File "C:\Python312\Lib\site-packages\django\core\handlers\base.py", line 197, in _get_response
    response = wrapped_callback(request, *callback_args, **callback_kwargs)
               ^^^^^^^^^^^^^^^^^^^^^^^^^^^^^^^^^^^^^^^^^^^^^^^^^^^^^^^^^^^^
  File "C:\Users\admin\PycharmProjects\cyber_camouflage\myapp\views.py", line 1500, in chat_view
    toid = request.session["userid"]
           ~~~~~~~~~~~~~~~^^^^^^^^^^
  File "C:\Python312\Lib\site-packages\django\contrib\sessions\backends\base.py", line 55, in __getitem__
    return self._session[key]
           ~~~~~~~~~~~~~^^^^^
KeyError: 'userid'
Internal Server Error: /myapp/chat_view/
Traceback (most recent call last):
  File "C:\Python312\Lib\site-packages\django\core\handlers\exception.py", line 55, in inner
    response = get_response(request)
               ^^^^^^^^^^^^^^^^^^^^^
  File "C:\Python312\Lib\site-packages\django\core\handlers\base.py", line 197, in _get_response
    response = wrapped_callback(request, *callback_args, **callback_kwargs)
               ^^^^^^^^^^^^^^^^^^^^^^^^^^^^^^^^^^^^^^^^^^^^^^^^^^^^^^^^^^^^
  File "C:\Users\admin\PycharmProjects\cyber_camouflage\myapp\views.py", line 1500, in chat_view
    toid = request.session["userid"]
           ~~~~~~~~~~~~~~~^^^^^^^^^^
  File "C:\Python312\Lib\site-packages\django\contrib\sessions\backends\base.py", line 55, in __getitem__
    return self._session[key]
           ~~~~~~~~~~~~~^^^^^
KeyError: 'userid'
Not Found: /myapp/admin_file_upload_get/img/favicon.ico
Not Found: /myapp/viewuser_get/img/favicon.ico
Not Found: /myapp//
Not Found: /myapp/decoy_log_get/img/favicon.ico
Not Found: /
Not Found: /favicon.ico
Not Found: /myapp/index_get2/img/favicon.ico
Not Found: /myapp/viewprofile_get/img/favicon.ico
Not Found: /myapp/edit_user_get/img/favicon.ico
Not Found: /myapp/view_other_user_get/img/favicon.ico
Not Found: /myapp/sent_complaint_get/img/favicon.ico
Not Found: /myapp/view_reply_get/img/favicon.ico
Not Found: /myapp/file_upload_get/img/favicon.ico
Not Found: /myapp/user_view_uploaded_file_get/img/favicon.ico
Not Found: /myapp/user_view_forward_file_get/img/favicon.ico
Not Found: /myapp/forward_file_get/img/favicon.ico
Not Found: /myapp/chat1/img/favicon.ico
Not Found: /myapp/user_change_password_get/img/favicon.ico
Not Found: /myapp/index_get/img/favicon.ico
Not Found: /myapp/viewuser_get/img/favicon.ico
Not Found: /myapp/viewcomplaint_get/img/favicon.ico
Not Found: /myapp/send_replay_get/img/favicon.ico
Not Found: /
Not Found: /
Not Found: /myapp/admin_view_uploaded_file_get/img/favicon.ico
Not Found: /myapp/admin_file_upload_get/img/favicon.ico
Not Found: /myapp/logs_get/img/favicon.ico
Not Found: /myapp/decoy_log_get/img/favicon.ico
Not Found: /media/encrypted/20251203-103105_0e38040c139d476f89f622028fe00f07.jpg.aes
Not Found: /media/encrypted/20251203-104125_image8.jpg.aes
Not Found: /media/encrypted/20251203-103105_0e38040c139d476f89f622028fe00f07.jpg.aes
Not Found: /media/encrypted/20251203-103105_0e38040c139d476f89f622028fe00f07.jpg.aes
Not Found: /myapp/download_encrypted_file/
Not Found: /myapp/download_encrypted_file/
Not Found: /myapp/download_encrypted_file/
Not Found: /myapp/download_encrypted_file/55
Not Found: /myapp/download_encrypted_file/54
Not Found: /
Not Found: /myapp/download_encrypted_file/55
Not Found: /
Not Found: /favicon.ico
Not Found: /myapp/index_get/img/favicon.ico
Not Found: /myapp/viewuser_get/img/favicon.ico
Not Found: /myapp/viewcomplaint_get/img/favicon.ico
Not Found: /myapp/logs_get/img/favicon.ico
Not Found: /myapp/decoy_log_get/img/favicon.ico
Not Found: /myapp/index_get2/img/favicon.ico
Not Found: /myapp/view_other_user_get/img/favicon.ico
Not Found: /myapp/chat1/img/favicon.ico
Forbidden: /myapp/chat_view/
Forbidden: /myapp/chat_view/
Forbidden: /myapp/chat_view/
Forbidden: /myapp/chat_view/
Forbidden: /myapp/chat_view/
Forbidden: /myapp/chat_view/
Forbidden: /myapp/chat_view/
Forbidden: /myapp/chat_view/
Forbidden: /myapp/chat_view/
Forbidden: /myapp/chat_view/
Forbidden: /myapp/chat_view/
Forbidden: /myapp/chat_view/
Forbidden: /myapp/chat_view/
Forbidden: /myapp/chat_view/
Forbidden: /myapp/chat_view/
Forbidden: /myapp/chat_view/
Forbidden: /myapp/chat_view/
Forbidden: /myapp/chat_view/
Forbidden: /myapp/chat_view/
Forbidden: /myapp/chat_view/
Forbidden: /myapp/chat_view/
Forbidden: /myapp/chat_view/
Forbidden: /myapp/chat_view/
Forbidden: /myapp/chat_view/
Forbidden: /myapp/chat_view/
Forbidden: /myapp/chat_view/
Forbidden: /myapp/chat_view/
Forbidden: /myapp/chat_view/
Forbidden: /myapp/chat_send/sehva
Forbidden: /myapp/chat_view/
Forbidden: /myapp/chat_view/
Forbidden: /myapp/chat_send/sehva
Forbidden: /myapp/chat_send/sehva
Forbidden: /myapp/chat_view/
Forbidden: /myapp/chat_view/
Forbidden: /myapp/chat_send/sehva
Forbidden: /myapp/chat_view/
Forbidden: /myapp/chat_send/sehva
Forbidden: /myapp/chat_view/
Forbidden: /myapp/chat_view/
Forbidden: /myapp/chat_view/
Forbidden: /myapp/chat_view/
Forbidden: /myapp/chat_view/
Forbidden: /myapp/chat_view/
Forbidden: /myapp/chat_view/
Forbidden: /myapp/chat_view/
Forbidden: /myapp/chat_view/
Forbidden: /myapp/chat_view/
Forbidden: /myapp/chat_view/
Forbidden: /myapp/chat_view/
Forbidden: /myapp/chat_view/
Forbidden: /myapp/chat_view/
Forbidden: /myapp/chat_view/
Forbidden: /myapp/chat_view/
Forbidden: /myapp/chat_view/
Forbidden: /myapp/chat_view/
Forbidden: /myapp/chat_view/
Forbidden: /myapp/chat_view/
Not Found: /
Not Found: /favicon.ico
Not Found: /myapp/index_get2/img/favicon.ico
Not Found: /myapp/viewprofile_get/img/favicon.ico
Not Found: /myapp/edit_user_get/img/favicon.ico
Not Found: /myapp/view_other_user_get/img/favicon.ico
Not Found: /
Not Found: /favicon.ico
Not Found: /myapp/index_get/img/favicon.ico
Not Found: /myapp/viewuser_get/img/favicon.ico
Not Found: /myapp/viewcomplaint_get/img/favicon.ico
Not Found: /myapp/admin_view_uploaded_file_get/img/favicon.ico
Not Found: /myapp/index_get2/img/favicon.ico
Not Found: /myapp/viewprofile_get/img/favicon.ico
Not Found: /myapp/view_other_user_get/img/favicon.ico
Not Found: /myapp/sent_complaint_get/img/favicon.ico
Not Found: /
Not Found: /favicon.ico
Not Found: /myapp/index_get2/img/favicon.ico
Not Found: /myapp/viewprofile_get/img/favicon.ico
Not Found: /myapp/edit_user_get/img/favicon.ico
Not Found: /myapp/view_other_user_get/img/favicon.ico
Not Found: /myapp/sent_complaint_get/img/favicon.ico
Not Found: /
Not Found: /favicon.ico
Not Found: /myapp/index_get2/img/favicon.ico
Not Found: /myapp/viewprofile_get/img/favicon.ico
Not Found: /myapp/edit_user_get/img/favicon.ico
Not Found: /myapp/view_other_user_get/img/favicon.ico
Not Found: /myapp/forward_file_get/img/favicon.ico
Not Found: /myapp/chat1/img/favicon.ico
Forbidden: /myapp/chat_view/
Forbidden: /myapp/chat_view/
Forbidden: /myapp/chat_view/
Forbidden: /myapp/chat_view/
Forbidden: /myapp/chat_view/
Forbidden: /myapp/chat_view/
Forbidden: /myapp/chat_send/tea
Forbidden: /myapp/chat_view/
Forbidden: /myapp/chat_view/
Forbidden: /myapp/chat_view/
Forbidden: /myapp/chat_send/tea
Forbidden: /myapp/chat_view/
Forbidden: /myapp/chat_view/
Forbidden: /myapp/chat_view/
Forbidden: /myapp/chat_send/tea
Forbidden: /myapp/chat_view/
Forbidden: /myapp/chat_view/
Forbidden: /myapp/chat_view/
Forbidden: /myapp/chat_send/tea
Forbidden: /myapp/chat_send/tea
Forbidden: /myapp/chat_view/
Forbidden: /myapp/chat_send/tea
Forbidden: /myapp/chat_view/
Forbidden: /myapp/chat_send/tea
Forbidden: /myapp/chat_view/
Forbidden: /myapp/chat_view/
Forbidden: /myapp/chat_view/
Forbidden: /myapp/chat_send/tea
Forbidden: /myapp/chat_send/tea
Forbidden: /myapp/chat_send/tea
Forbidden: /myapp/chat_send/tea
Forbidden: /myapp/chat_view/
Forbidden: /myapp/chat_view/
Forbidden: /myapp/chat_view/
Forbidden: /myapp/chat_view/
Forbidden: /myapp/chat_view/
Forbidden: /myapp/chat_view/
Forbidden: /myapp/chat_view/
Forbidden: /myapp/chat_view/
Forbidden: /myapp/chat_view/
Forbidden: /myapp/chat_view/
Forbidden: /myapp/chat_view/
Forbidden: /myapp/chat_view/
Forbidden: /myapp/chat_view/
Forbidden: /myapp/chat_view/
Forbidden: /myapp/chat_view/
Forbidden: /myapp/chat_view/
Forbidden: /myapp/chat_view/
Forbidden: /myapp/chat_view/
Forbidden: /myapp/chat_view/
Forbidden: /myapp/chat_view/
Forbidden: /myapp/chat_view/
Forbidden: /myapp/chat_view/
Forbidden: /myapp/chat_view/
Forbidden: /myapp/chat_view/
Forbidden: /myapp/chat_view/
Forbidden: /myapp/chat_view/
Forbidden: /myapp/sent_complaint_get/
Forbidden: /myapp/chat_view/
Not Found: /
Not Found: /favicon.ico
Not Found: /myapp/index_get2/img/favicon.ico
Not Found: /myapp/view_other_user_get/img/favicon.ico
Not Found: /myapp/chat1/img/favicon.ico
Forbidden: /myapp/chat_view/
Forbidden: /myapp/chat_view/
Forbidden: /myapp/chat_send/grg
Forbidden: /myapp/chat_view/
Forbidden: /myapp/chat_view/
Forbidden: /myapp/chat_view/
Forbidden: /myapp/chat_view/
Forbidden: /myapp/chat_view/
Forbidden: /myapp/chat_view/
Forbidden: /myapp/chat_send/grg
Forbidden: /myapp/chat_view/
Forbidden: /myapp/chat_view/
Forbidden: /myapp/chat_view/
Forbidden: /myapp/chat_view/
Forbidden: /myapp/chat_view/
Forbidden: /myapp/chat_view/
Forbidden: /myapp/chat_view/
Forbidden: /myapp/chat_view/
Forbidden: /myapp/sent_complaint_get/
Forbidden: /myapp/chat_view/
Not Found: /
Not Found: /favicon.ico
Not Found: /myapp/index_get2/img/favicon.ico
Not Found: /myapp/sent_complaint_get/img/favicon.ico
Not Found: /myapp/view_reply_get/img/favicon.ico
Not Found: /myapp/file_upload_get/img/favicon.ico
Not Found: /myapp/user_view_uploaded_file_get/img/favicon.ico
Not Found: /myapp/user_view_forward_file_get/img/favicon.ico
Internal Server Error: /myapp/user_view_forward_file_post/
Traceback (most recent call last):
  File "C:\Python312\Lib\site-packages\pyAesCrypt\crypto.py", line 259, in decryptFile
    decryptStream(fIn, fOut, passw, bufferSize)
  File "C:\Python312\Lib\site-packages\pyAesCrypt\crypto.py", line 356, in decryptStream
    raise ValueError("Wrong password (or file is corrupted).")
ValueError: Wrong password (or file is corrupted).

During handling of the above exception, another exception occurred:

Traceback (most recent call last):
  File "C:\Python312\Lib\site-packages\pyAesCrypt\crypto.py", line 263, in decryptFile
    raise ValueError(str(exd))
ValueError: Wrong password (or file is corrupted).

During handling of the above exception, another exception occurred:

Traceback (most recent call last):
  File "C:\Users\admin\PycharmProjects\cyber_camouflage\myapp\views.py", line 1224, in user_view_forward_file_post
    pyAesCrypt.decryptFile(encrypted_path, decrypted_path, password, buffer_size)
  File "C:\Python312\Lib\site-packages\pyAesCrypt\crypto.py", line 271, in decryptFile
    raise ValueError(str(exd))
ValueError: Wrong password (or file is corrupted).

During handling of the above exception, another exception occurred:

Traceback (most recent call last):
  File "C:\Python312\Lib\site-packages\django\core\handlers\exception.py", line 55, in inner
    response = get_response(request)
               ^^^^^^^^^^^^^^^^^^^^^
  File "C:\Python312\Lib\site-packages\django\core\handlers\base.py", line 197, in _get_response
    response = wrapped_callback(request, *callback_args, **callback_kwargs)
               ^^^^^^^^^^^^^^^^^^^^^^^^^^^^^^^^^^^^^^^^^^^^^^^^^^^^^^^^^^^^
  File "C:\Users\admin\PycharmProjects\cyber_camouflage\myapp\views.py", line 1228, in user_view_forward_file_post
    return render(request, 'userpages/user_view_forward_file.html', {"data": data})
           ^^^^^^^^^^^^^^^^^^^^^^^^^^^^^^^^^^^^^^^^^^^^^^^^^^^^^^^^^^^^^^^^^^^^^^^^
  File "C:\Python312\Lib\site-packages\django\shortcuts.py", line 25, in render
    content = loader.render_to_string(template_name, context, request, using=using)
              ^^^^^^^^^^^^^^^^^^^^^^^^^^^^^^^^^^^^^^^^^^^^^^^^^^^^^^^^^^^^^^^^^^^^^
  File "C:\Python312\Lib\site-packages\django\template\loader.py", line 62, in render_to_string
    return template.render(context, request)
           ^^^^^^^^^^^^^^^^^^^^^^^^^^^^^^^^^
  File "C:\Python312\Lib\site-packages\django\template\backends\django.py", line 107, in render
    return self.template.render(context)
           ^^^^^^^^^^^^^^^^^^^^^^^^^^^^^
  File "C:\Python312\Lib\site-packages\django\template\base.py", line 172, in render
    return self._render(context)
           ^^^^^^^^^^^^^^^^^^^^^
  File "C:\Python312\Lib\site-packages\django\template\base.py", line 164, in _render
    return self.nodelist.render(context)
           ^^^^^^^^^^^^^^^^^^^^^^^^^^^^^
  File "C:\Python312\Lib\site-packages\django\template\base.py", line 1018, in render
    return SafeString("".join([node.render_annotated(context) for node in self]))
                               ^^^^^^^^^^^^^^^^^^^^^^^^^^^^^^
  File "C:\Python312\Lib\site-packages\django\template\base.py", line 979, in render_annotated
    return self.render(context)
           ^^^^^^^^^^^^^^^^^^^^
  File "C:\Python312\Lib\site-packages\django\template\loader_tags.py", line 159, in render
    return compiled_parent._render(context)
           ^^^^^^^^^^^^^^^^^^^^^^^^^^^^^^^^
  File "C:\Python312\Lib\site-packages\django\template\base.py", line 164, in _render
    return self.nodelist.render(context)
           ^^^^^^^^^^^^^^^^^^^^^^^^^^^^^
  File "C:\Python312\Lib\site-packages\django\template\base.py", line 1018, in render
    return SafeString("".join([node.render_annotated(context) for node in self]))
                               ^^^^^^^^^^^^^^^^^^^^^^^^^^^^^^
  File "C:\Python312\Lib\site-packages\django\template\base.py", line 979, in render_annotated
    return self.render(context)
           ^^^^^^^^^^^^^^^^^^^^
  File "C:\Python312\Lib\site-packages\django\template\loader_tags.py", line 65, in render
    result = block.nodelist.render(context)
             ^^^^^^^^^^^^^^^^^^^^^^^^^^^^^^
  File "C:\Python312\Lib\site-packages\django\template\base.py", line 1018, in render
    return SafeString("".join([node.render_annotated(context) for node in self]))
                               ^^^^^^^^^^^^^^^^^^^^^^^^^^^^^^
  File "C:\Python312\Lib\site-packages\django\template\base.py", line 979, in render_annotated
    return self.render(context)
           ^^^^^^^^^^^^^^^^^^^^
  File "C:\Python312\Lib\site-packages\django\template\defaulttags.py", line 198, in render
    values = list(values)
             ^^^^^^^^^^^^
TypeError: 'Forward' object is not iterable
Not Found: /myapp/user_change_password_get/img/favicon.ico
Not Found: /myapp/index_get/img/favicon.ico
Not Found: /myapp/viewuser_get/img/favicon.ico
Not Found: /myapp/viewcomplaint_get/img/favicon.ico
Not Found: /myapp/send_replay_get/img/favicon.ico
Not Found: /myapp/admin_view_uploaded_file_get/img/favicon.ico
Not Found: /myapp/admin_file_upload_get/img/favicon.ico
Not Found: /myapp/logs_get/img/favicon.ico
Not Found: /myapp/decoy_log_get/img/favicon.ico
Not Found: /
Not Found: /myapp/view_other_user_get/img/favicon.ico
Not Found: /myapp/chat1/img/favicon.ico
Internal Server Error: /myapp/user_view_forward_file_post/
Traceback (most recent call last):
  File "C:\Python312\Lib\site-packages\pyAesCrypt\crypto.py", line 259, in decryptFile
    decryptStream(fIn, fOut, passw, bufferSize)
  File "C:\Python312\Lib\site-packages\pyAesCrypt\crypto.py", line 356, in decryptStream
    raise ValueError("Wrong password (or file is corrupted).")
ValueError: Wrong password (or file is corrupted).

During handling of the above exception, another exception occurred:

Traceback (most recent call last):
  File "C:\Python312\Lib\site-packages\pyAesCrypt\crypto.py", line 263, in decryptFile
    raise ValueError(str(exd))
ValueError: Wrong password (or file is corrupted).

During handling of the above exception, another exception occurred:

Traceback (most recent call last):
  File "C:\Users\admin\PycharmProjects\cyber_camouflage\myapp\views.py", line 1224, in user_view_forward_file_post
    pyAesCrypt.decryptFile(encrypted_path, decrypted_path, password, buffer_size)
  File "C:\Python312\Lib\site-packages\pyAesCrypt\crypto.py", line 271, in decryptFile
    raise ValueError(str(exd))
ValueError: Wrong password (or file is corrupted).

During handling of the above exception, another exception occurred:

Traceback (most recent call last):
  File "C:\Python312\Lib\site-packages\django\core\handlers\exception.py", line 55, in inner
    response = get_response(request)
               ^^^^^^^^^^^^^^^^^^^^^
  File "C:\Python312\Lib\site-packages\django\core\handlers\base.py", line 197, in _get_response
    response = wrapped_callback(request, *callback_args, **callback_kwargs)
               ^^^^^^^^^^^^^^^^^^^^^^^^^^^^^^^^^^^^^^^^^^^^^^^^^^^^^^^^^^^^
  File "C:\Users\admin\PycharmProjects\cyber_camouflage\myapp\views.py", line 1228, in user_view_forward_file_post
    return render(request, 'userpages/user_view_forward_file.html', {"data": data})
           ^^^^^^^^^^^^^^^^^^^^^^^^^^^^^^^^^^^^^^^^^^^^^^^^^^^^^^^^^^^^^^^^^^^^^^^^
  File "C:\Python312\Lib\site-packages\django\shortcuts.py", line 25, in render
    content = loader.render_to_string(template_name, context, request, using=using)
              ^^^^^^^^^^^^^^^^^^^^^^^^^^^^^^^^^^^^^^^^^^^^^^^^^^^^^^^^^^^^^^^^^^^^^
  File "C:\Python312\Lib\site-packages\django\template\loader.py", line 62, in render_to_string
    return template.render(context, request)
           ^^^^^^^^^^^^^^^^^^^^^^^^^^^^^^^^^
  File "C:\Python312\Lib\site-packages\django\template\backends\django.py", line 107, in render
    return self.template.render(context)
           ^^^^^^^^^^^^^^^^^^^^^^^^^^^^^
  File "C:\Python312\Lib\site-packages\django\template\base.py", line 172, in render
    return self._render(context)
           ^^^^^^^^^^^^^^^^^^^^^
  File "C:\Python312\Lib\site-packages\django\template\base.py", line 164, in _render
    return self.nodelist.render(context)
           ^^^^^^^^^^^^^^^^^^^^^^^^^^^^^
  File "C:\Python312\Lib\site-packages\django\template\base.py", line 1018, in render
    return SafeString("".join([node.render_annotated(context) for node in self]))
                               ^^^^^^^^^^^^^^^^^^^^^^^^^^^^^^
  File "C:\Python312\Lib\site-packages\django\template\base.py", line 979, in render_annotated
    return self.render(context)
           ^^^^^^^^^^^^^^^^^^^^
  File "C:\Python312\Lib\site-packages\django\template\loader_tags.py", line 159, in render
    return compiled_parent._render(context)
           ^^^^^^^^^^^^^^^^^^^^^^^^^^^^^^^^
  File "C:\Python312\Lib\site-packages\django\template\base.py", line 164, in _render
    return self.nodelist.render(context)
           ^^^^^^^^^^^^^^^^^^^^^^^^^^^^^
  File "C:\Python312\Lib\site-packages\django\template\base.py", line 1018, in render
    return SafeString("".join([node.render_annotated(context) for node in self]))
                               ^^^^^^^^^^^^^^^^^^^^^^^^^^^^^^
  File "C:\Python312\Lib\site-packages\django\template\base.py", line 979, in render_annotated
    return self.render(context)
           ^^^^^^^^^^^^^^^^^^^^
  File "C:\Python312\Lib\site-packages\django\template\loader_tags.py", line 65, in render
    result = block.nodelist.render(context)
             ^^^^^^^^^^^^^^^^^^^^^^^^^^^^^^
  File "C:\Python312\Lib\site-packages\django\template\base.py", line 1018, in render
    return SafeString("".join([node.render_annotated(context) for node in self]))
                               ^^^^^^^^^^^^^^^^^^^^^^^^^^^^^^
  File "C:\Python312\Lib\site-packages\django\template\base.py", line 979, in render_annotated
    return self.render(context)
           ^^^^^^^^^^^^^^^^^^^^
  File "C:\Python312\Lib\site-packages\django\template\defaulttags.py", line 198, in render
    values = list(values)
             ^^^^^^^^^^^^
TypeError: 'Forward' object is not iterable
Not Found: /myapp/viewprofile_get/img/favicon.ico
